1	61146dc8-553f-4f71-b6a8-bfe50019a616 runid=ed1de13037eb1bcfeefc20d46af38743bdac68e6 read=149 ch=81 start_time=2020-02-10T15:34:02Z flow_cell_id=ACE547 protocol_group_id=barcode_test sample_id=barcodes_fish H+(2,10),H-(1,10) c1 H+(2,10),H-(1,10) c1
1	f7fc558d-b894-49e3-8ec3-1a67481ffb28 runid=ed1de13037eb1bcfeefc20d46af38743bdac68e6 read=16105 ch=110 start_time=2020-02-10T17:51:57Z flow_cell_id=ACE547 protocol_group_id=barcode_test sample_id=barcodes_fish H+(3,9),H-(3,11) c1 H+(3,9),H-(3,11) c1
1	2b1686ff-7e1d-487d-aa1e-271bb809ce34 runid=ed1de13037eb1bcfeefc20d46af38743bdac68e6 read=18442 ch=125 start_time=2020-02-10T18:10:03Z flow_cell_id=ACE547 protocol_group_id=barcode_test sample_id=barcodes_fish H+(3,8),h-(3,-1) c1 H+(3,8),h-(3,-1) c1
1	b79004ea-5dc5-474b-9615-2ad782af448c runid=ed1de13037eb1bcfeefc20d46af38743bdac68e6 read=15481 ch=73 start_time=2020-02-10T17:59:15Z flow_cell_id=ACE547 protocol_group_id=barcode_test sample_id=barcodes_fish H+(0,9),h-(3,-1) c1 H+(0,9),h-(3,-1) c1
1	eda4d278-18f2-48f2-a0b4-03b3d42ca08b runid=ed1de13037eb1bcfeefc20d46af38743bdac68e6 read=21 ch=42 start_time=2020-02-10T15:32:12Z flow_cell_id=ACE547 protocol_group_id=barcode_test sample_id=barcodes_fish h+(3),h-(0) c1 h+(3),h-(0) c1
1	5cdbab99-9038-4983-865f-93d1c4bf8c46 runid=ed1de13037eb1bcfeefc20d46af38743bdac68e6 read=51 ch=93 start_time=2020-02-10T15:33:07Z flow_cell_id=ACE547 protocol_group_id=barcode_test sample_id=barcodes_fish h+(3),h-(0) c1 h+(3),h-(0) c1
1	7c9eafe6-99e4-48a8-8b5d-8378f7c37bdb runid=ed1de13037eb1bcfeefc20d46af38743bdac68e6 read=11255 ch=58 start_time=2020-02-10T17:21:08Z flow_cell_id=ACE547 protocol_group_id=barcode_test sample_id=barcodes_fish H+(2,10),h-(3,-1) c1 H+(2,10),h-(3,-1) c1
1	6d115b36-df06-42ae-a85e-7a9c9c77f6a7 runid=ed1de13037eb1bcfeefc20d46af38743bdac68e6 read=18400 ch=40 start_time=2020-02-10T18:05:03Z flow_cell_id=ACE547 protocol_group_id=barcode_test sample_id=barcodes_fish H+(0,11),h-(2,-1) c1 H+(0,11),h-(2,-1) c1
1	b2af05b3-3e6a-4733-aec2-f5c7c9eb7f4e runid=ed1de13037eb1bcfeefc20d46af38743bdac68e6 read=20711 ch=96 start_time=2020-02-10T18:04:56Z flow_cell_id=ACE547 protocol_group_id=barcode_test sample_id=barcodes_fish H+(3,10),h-(2,-1) c1 H+(3,10),h-(2,-1) c1
1	517cd59a-4012-4377-9a8d-076098d3c9f7 runid=ed1de13037eb1bcfeefc20d46af38743bdac68e6 read=15226 ch=108 start_time=2020-02-10T17:43:39Z flow_cell_id=ACE547 protocol_group_id=barcode_test sample_id=barcodes_fish H+(3,11),H-(0,9) c1 H+(3,11),H-(0,9) c1
1	1f614fb9-33a8-4774-b30c-9ceba940215f runid=ed1de13037eb1bcfeefc20d46af38743bdac68e6 read=2024 ch=34 start_time=2020-02-10T15:48:25Z flow_cell_id=ACE547 protocol_group_id=barcode_test sample_id=barcodes_fish H+(2,11),H-(2,9) c1 H+(2,11),H-(2,9) c1
1	3b06531a-4132-4b97-9146-3ccbbf214ad9 runid=ed1de13037eb1bcfeefc20d46af38743bdac68e6 read=118 ch=111 start_time=2020-02-10T15:33:52Z flow_cell_id=ACE547 protocol_group_id=barcode_test sample_id=barcodes_fish H+(0,11),H-(2,10) c1 H+(0,11),H-(2,10) c1
1	7b8302bc-089d-4e47-8cc0-cd1c7e961ca0 runid=ed1de13037eb1bcfeefc20d46af38743bdac68e6 read=1611 ch=110 start_time=2020-02-10T15:44:58Z flow_cell_id=ACE547 protocol_group_id=barcode_test sample_id=barcodes_fish h+(2),h-(3) c1 h+(2),h-(3) c1
1	ac3b5792-03bb-4400-9111-d12db6011a1e runid=ed1de13037eb1bcfeefc20d46af38743bdac68e6 read=1405 ch=58 start_time=2020-02-10T15:47:18Z flow_cell_id=ACE547 protocol_group_id=barcode_test sample_id=barcodes_fish H+(2,9),H-(2,11) c1 H+(2,9),H-(2,11) c1
1	59a503d3-e928-42ab-bc46-c75e5399dc9b runid=ed1de13037eb1bcfeefc20d46af38743bdac68e6 read=13095 ch=73 start_time=2020-02-10T17:36:00Z flow_cell_id=ACE547 protocol_group_id=barcode_test sample_id=barcodes_fish H+(1,9),h-(2,-1) c1 H+(1,9),h-(2,-1) c1
1	19cc29c1-e8e4-465c-9239-27422918b984 runid=ed1de13037eb1bcfeefc20d46af38743bdac68e6 read=18224 ch=108 start_time=2020-02-10T18:09:30Z flow_cell_id=ACE547 protocol_group_id=barcode_test sample_id=barcodes_fish h+(2),h-(1) c1 h+(2),h-(1) c1
1	c605fb3d-186f-4a86-b191-e0bcd82e8f41 runid=ed1de13037eb1bcfeefc20d46af38743bdac68e6 read=1793 ch=93 start_time=2020-02-10T15:47:14Z flow_cell_id=ACE547 protocol_group_id=barcode_test sample_id=barcodes_fish h+(1),h-(2) c1 h+(1),h-(2) c1
1	a67070e1-20e7-433b-b130-90b9a0dd1d2e runid=ed1de13037eb1bcfeefc20d46af38743bdac68e6 read=8209 ch=122 start_time=2020-02-10T18:07:11Z flow_cell_id=ACE547 protocol_group_id=barcode_test sample_id=barcodes_fish h+(3),h-(3) c1 h+(3),h-(3) c1
1	7082f25a-c107-4407-8bcf-859ad7c76bc4 runid=ed1de13037eb1bcfeefc20d46af38743bdac68e6 read=15206 ch=45 start_time=2020-02-10T17:43:18Z flow_cell_id=ACE547 protocol_group_id=barcode_test sample_id=barcodes_fish H+(2,6),h-(3,-1) c1 H+(2,6),h-(3,-1) c1
1	5cff14b6-6553-4250-b9e0-ab7b69d3457a runid=ed1de13037eb1bcfeefc20d46af38743bdac68e6 read=17531 ch=96 start_time=2020-02-10T17:36:55Z flow_cell_id=ACE547 protocol_group_id=barcode_test sample_id=barcodes_fish H+(1,10),H-(2,10) c1 H+(1,10),H-(2,10) c1
1	cb1afd44-a64f-41f9-b06e-c1b5f1d3a4e9 runid=ed1de13037eb1bcfeefc20d46af38743bdac68e6 read=1780 ch=46 start_time=2020-02-10T15:46:39Z flow_cell_id=ACE547 protocol_group_id=barcode_test sample_id=barcodes_fish h+(2),h-(0) c1 h+(2),h-(0) c1
1	96eec5f7-7bf8-46c6-83ed-ee119e5b9bf9 runid=ed1de13037eb1bcfeefc20d46af38743bdac68e6 read=16343 ch=43 start_time=2020-02-10T17:55:39Z flow_cell_id=ACE547 protocol_group_id=barcode_test sample_id=barcodes_fish h+(2),h-(2) c1 h+(2),h-(2) c1
1	e06d772b-3b0d-4a9b-bba9-e28f5cbbf36f runid=ed1de13037eb1bcfeefc20d46af38743bdac68e6 read=16472 ch=73 start_time=2020-02-10T18:09:03Z flow_cell_id=ACE547 protocol_group_id=barcode_test sample_id=barcodes_fish H+(2,11),H-(0,11) c1 H+(2,11),H-(0,11) c1
1	da58e3e9-31e3-4fc1-8afc-9917b570338e runid=ed1de13037eb1bcfeefc20d46af38743bdac68e6 read=12107 ch=110 start_time=2020-02-10T17:17:03Z flow_cell_id=ACE547 protocol_group_id=barcode_test sample_id=barcodes_fish H+(3,8),H-(3,8) c1 H+(3,8),H-(3,8) c1
1	964151cb-8149-4f18-9757-f4129c53d548 runid=ed1de13037eb1bcfeefc20d46af38743bdac68e6 read=15457 ch=17 start_time=2020-02-10T17:47:16Z flow_cell_id=ACE547 protocol_group_id=barcode_test sample_id=barcodes_fish H+(3,10),H-(2,11) c1 H+(3,10),H-(2,11) c1
1	cf8b8b16-00ca-4dee-b1a2-b82ec7ba062e runid=ed1de13037eb1bcfeefc20d46af38743bdac68e6 read=17587 ch=108 start_time=2020-02-10T18:03:43Z flow_cell_id=ACE547 protocol_group_id=barcode_test sample_id=barcodes_fish H+(0,9),H-(3,10) c1 H+(0,9),H-(3,10) c1
1	026ada62-4eb7-4f34-a42c-961575b1c505 runid=ed1de13037eb1bcfeefc20d46af38743bdac68e6 read=1422 ch=111 start_time=2020-02-10T15:43:29Z flow_cell_id=ACE547 protocol_group_id=barcode_test sample_id=barcodes_fish H+(2,11),H-(0,9) c1 H+(2,11),H-(0,9) c1
1	e13449fd-7f39-4293-92b0-5b9942f1d8df runid=ed1de13037eb1bcfeefc20d46af38743bdac68e6 read=12220 ch=68 start_time=2020-02-10T17:14:35Z flow_cell_id=ACE547 protocol_group_id=barcode_test sample_id=barcodes_fish H+(1,8),H-(2,10) c1 H+(1,8),H-(2,10) c1
1	a74fb701-638e-4edf-a1a8-dda1f5c20a0c runid=ed1de13037eb1bcfeefc20d46af38743bdac68e6 read=14611 ch=61 start_time=2020-02-10T17:36:53Z flow_cell_id=ACE547 protocol_group_id=barcode_test sample_id=barcodes_fish H+(3,8),h-(0,-1) c1 H+(3,8),h-(0,-1) c1
1	56f26bcd-d411-4eaa-b68f-372e26a040a3 runid=ed1de13037eb1bcfeefc20d46af38743bdac68e6 read=15126 ch=106 start_time=2020-02-10T17:39:48Z flow_cell_id=ACE547 protocol_group_id=barcode_test sample_id=barcodes_fish H+(3,9),h-(2,-1) c1 H+(3,9),h-(2,-1) c1
1	508eacf0-3952-4ff2-a72d-55cce7b77fa3 runid=ed1de13037eb1bcfeefc20d46af38743bdac68e6 read=17218 ch=68 start_time=2020-02-10T17:59:33Z flow_cell_id=ACE547 protocol_group_id=barcode_test sample_id=barcodes_fish H+(1,8),H-(3,10) c1 H+(1,8),H-(3,10) c1
1	b00b254d-e54c-4385-825d-df3ec26dd3fd runid=ed1de13037eb1bcfeefc20d46af38743bdac68e6 read=14767 ch=95 start_time=2020-02-10T17:35:38Z flow_cell_id=ACE547 protocol_group_id=barcode_test sample_id=barcodes_fish H+(1,10),h-(0,-1) c1 H+(1,10),h-(0,-1) c1
1	69c11a94-832d-45dc-94e3-d12c426bc77c runid=ed1de13037eb1bcfeefc20d46af38743bdac68e6 read=17667 ch=45 start_time=2020-02-10T18:05:19Z flow_cell_id=ACE547 protocol_group_id=barcode_test sample_id=barcodes_fish H+(0,11),H-(1,11) c1 H+(0,11),H-(1,11) c1
1	271d9d62-2ced-4028-b404-9947b10cb520 runid=ed1de13037eb1bcfeefc20d46af38743bdac68e6 read=17058 ch=95 start_time=2020-02-10T17:55:18Z flow_cell_id=ACE547 protocol_group_id=barcode_test sample_id=barcodes_fish H+(1,10),H-(2,11) c1 H+(1,10),H-(2,11) c1
1	957ab8df-7af2-4985-9207-31d418702f4f runid=ed1de13037eb1bcfeefc20d46af38743bdac68e6 read=18920 ch=8 start_time=2020-02-10T18:10:17Z flow_cell_id=ACE547 protocol_group_id=barcode_test sample_id=barcodes_fish H+(3,9),H-(2,10) c1 H+(3,9),H-(2,10) c1
1	c2e99d29-de7e-4340-b075-2fa6d40f8634 runid=ed1de13037eb1bcfeefc20d46af38743bdac68e6 read=5478 ch=122 start_time=2020-02-10T17:46:44Z flow_cell_id=ACE547 protocol_group_id=barcode_test sample_id=barcodes_fish H+(3,11),H-(1,8) c1 H+(3,11),H-(1,8) c1
1	dda3eabc-740f-4c94-996f-ac1528311f63 runid=ed1de13037eb1bcfeefc20d46af38743bdac68e6 read=11733 ch=7 start_time=2020-02-10T17:15:07Z flow_cell_id=ACE547 protocol_group_id=barcode_test sample_id=barcodes_fish H+(2,11),H-(2,10) c1 H+(2,11),H-(2,10) c1
1	04e4c71d-0782-4c01-8097-00fb7f6880d5 runid=ed1de13037eb1bcfeefc20d46af38743bdac68e6 read=17981 ch=110 start_time=2020-02-10T18:08:56Z flow_cell_id=ACE547 protocol_group_id=barcode_test sample_id=barcodes_fish H+(3,10),h-(0,-1) c1 H+(3,10),h-(0,-1) c1
1	54fcd167-e884-48fb-a5b5-ab321071dda6 runid=ed1de13037eb1bcfeefc20d46af38743bdac68e6 read=1840 ch=17 start_time=2020-02-10T15:47:29Z flow_cell_id=ACE547 protocol_group_id=barcode_test sample_id=barcodes_fish H+(2,8),H-(1,8) c1 H+(2,8),H-(1,8) c1
1	60a35535-8e92-4e8a-b4a7-07ddfc4c1310 runid=ed1de13037eb1bcfeefc20d46af38743bdac68e6 read=8091 ch=84 start_time=2020-02-10T18:06:40Z flow_cell_id=ACE547 protocol_group_id=barcode_test sample_id=barcodes_fish h+(3),h-(0) c1 h+(3),h-(0) c1
1	3ca1d0b4-e516-446e-8c27-5964a269affb runid=ed1de13037eb1bcfeefc20d46af38743bdac68e6 read=15176 ch=17 start_time=2020-02-10T17:44:36Z flow_cell_id=ACE547 protocol_group_id=barcode_test sample_id=barcodes_fish h+(0),h-(1) c1 h+(0),h-(1) c1
1	fdc680c7-f139-4c83-a379-041914daea14 runid=ed1de13037eb1bcfeefc20d46af38743bdac68e6 read=15530 ch=54 start_time=2020-02-10T17:39:08Z flow_cell_id=ACE547 protocol_group_id=barcode_test sample_id=barcodes_fish H+(3,11),H-(2,11) c1 H+(3,11),H-(2,11) c1
1	4d837961-b44c-4c3e-ab21-e45014f80ce9 runid=ed1de13037eb1bcfeefc20d46af38743bdac68e6 read=15548 ch=95 start_time=2020-02-10T17:42:14Z flow_cell_id=ACE547 protocol_group_id=barcode_test sample_id=barcodes_fish H+(2,10),H-(1,10) c1 H+(2,10),H-(1,10) c1
1	3a7b6736-0e1b-46cd-8362-f7adf6b42fa8 runid=ed1de13037eb1bcfeefc20d46af38743bdac68e6 read=16890 ch=30 start_time=2020-02-10T17:50:03Z flow_cell_id=ACE547 protocol_group_id=barcode_test sample_id=barcodes_fish H+(2,9),h-(1,-1) c1 H+(2,9),h-(1,-1) c1
1	98d90a77-1d53-4b06-8818-7ddf80aa9cee runid=ed1de13037eb1bcfeefc20d46af38743bdac68e6 read=19979 ch=96 start_time=2020-02-10T17:58:29Z flow_cell_id=ACE547 protocol_group_id=barcode_test sample_id=barcodes_fish H+(0,9),H-(1,9) c1 H+(0,9),H-(1,9) c1
1	50bea62d-e04a-44a1-ac44-f3b582da7d79 runid=ed1de13037eb1bcfeefc20d46af38743bdac68e6 read=1594 ch=34 start_time=2020-02-10T15:44:39Z flow_cell_id=ACE547 protocol_group_id=barcode_test sample_id=barcodes_fish H+(2,8),H-(2,11) c1 H+(2,8),H-(2,11) c1
1	5efe3356-87fa-4615-b99f-678ea41be1a4 runid=ed1de13037eb1bcfeefc20d46af38743bdac68e6 read=5668 ch=35 start_time=2020-02-10T17:48:36Z flow_cell_id=ACE547 protocol_group_id=barcode_test sample_id=barcodes_fish H+(0,8),h-(3,-1) c1 H+(0,8),h-(3,-1) c1
1	a8d33ff7-b09e-45e7-94e7-78d1017d3a50 runid=ed1de13037eb1bcfeefc20d46af38743bdac68e6 read=13247 ch=64 start_time=2020-02-10T18:07:38Z flow_cell_id=ACE547 protocol_group_id=barcode_test sample_id=barcodes_fish H+(2,9),H-(2,10) c1 H+(2,9),H-(2,10) c1
1	c4159edd-7ffb-434f-ab99-703cd6dd28b3 runid=ed1de13037eb1bcfeefc20d46af38743bdac68e6 read=16607 ch=95 start_time=2020-02-10T17:51:21Z flow_cell_id=ACE547 protocol_group_id=barcode_test sample_id=barcodes_fish H+(2,10),h-(0,-1) c1 H+(2,10),h-(0,-1) c1
1	99a29ce7-4446-4eef-b6f6-cd8f5cfef366 runid=ed1de13037eb1bcfeefc20d46af38743bdac68e6 read=15747 ch=85 start_time=2020-02-10T17:49:11Z flow_cell_id=ACE547 protocol_group_id=barcode_test sample_id=barcodes_fish h+(1),h-(3) c1 h+(1),h-(3) c1
1	5beca4ca-8996-4643-8d27-3592bde4e3d1 runid=ed1de13037eb1bcfeefc20d46af38743bdac68e6 read=13735 ch=95 start_time=2020-02-10T17:26:26Z flow_cell_id=ACE547 protocol_group_id=barcode_test sample_id=barcodes_fish h+(1),h-(0) c1 h+(1),h-(0) c1
1	cc89dbb8-25e1-4436-8db6-c7ad5626c278 runid=ed1de13037eb1bcfeefc20d46af38743bdac68e6 read=1723 ch=17 start_time=2020-02-10T15:46:41Z flow_cell_id=ACE547 protocol_group_id=barcode_test sample_id=barcodes_fish H+(2,10),h-(3,-1) c1 H+(2,10),h-(3,-1) c1
1	53213801-881a-4018-8a56-caa6826b4cd5 runid=ed1de13037eb1bcfeefc20d46af38743bdac68e6 read=16168 ch=31 start_time=2020-02-10T17:50:44Z flow_cell_id=ACE547 protocol_group_id=barcode_test sample_id=barcodes_fish h+(0),h-(3) c1 h+(0),h-(3) c1
1	1c43e0fe-f3fe-4235-bff1-2ddf2ddfb5e8 runid=ed1de13037eb1bcfeefc20d46af38743bdac68e6 read=18498 ch=8 start_time=2020-02-10T18:07:03Z flow_cell_id=ACE547 protocol_group_id=barcode_test sample_id=barcodes_fish H+(1,11),H-(1,10) c1 H+(1,11),H-(1,10) c1
1	4af4d88d-c963-46af-a436-e5311a67d189 runid=ed1de13037eb1bcfeefc20d46af38743bdac68e6 read=17562 ch=5 start_time=2020-02-10T17:56:08Z flow_cell_id=ACE547 protocol_group_id=barcode_test sample_id=barcodes_fish H+(1,10),H-(1,9) c1 H+(1,10),H-(1,9) c1
1	4433f41b-78c2-4875-815f-127aa35f5960 runid=ed1de13037eb1bcfeefc20d46af38743bdac68e6 read=16638 ch=56 start_time=2020-02-10T17:54:00Z flow_cell_id=ACE547 protocol_group_id=barcode_test sample_id=barcodes_fish H+(0,10),H-(0,8) c1 H+(0,10),H-(0,8) c1
1	210d909e-6995-40ad-a79f-25ea95473b82 runid=ed1de13037eb1bcfeefc20d46af38743bdac68e6 read=1702 ch=7 start_time=2020-02-10T15:45:37Z flow_cell_id=ACE547 protocol_group_id=barcode_test sample_id=barcodes_fish h+(2),h-(0) c1 h+(2),h-(0) c1
1	10c5cb62-7ce2-41ff-8893-383de23388f7 runid=ed1de13037eb1bcfeefc20d46af38743bdac68e6 read=13590 ch=94 start_time=2020-02-10T17:21:15Z flow_cell_id=ACE547 protocol_group_id=barcode_test sample_id=barcodes_fish H+(2,9),h-(1,-1) c1 H+(2,9),h-(1,-1) c1
1	baa3ab1f-5bc2-49bb-9b22-d3c20b7ec033 runid=ed1de13037eb1bcfeefc20d46af38743bdac68e6 read=12812 ch=61 start_time=2020-02-10T17:22:02Z flow_cell_id=ACE547 protocol_group_id=barcode_test sample_id=barcodes_fish h+(0),h-(1) c1 h+(0),h-(1) c1
1	a00f376a-1108-4302-9ee3-bbc993eb2093 runid=ed1de13037eb1bcfeefc20d46af38743bdac68e6 read=18033 ch=45 start_time=2020-02-10T18:08:17Z flow_cell_id=ACE547 protocol_group_id=barcode_test sample_id=barcodes_fish H+(0,10),h-(0,-1) c1 H+(0,10),h-(0,-1) c1
1	e6d7a020-4238-4048-8145-edf1d46faf6a runid=ed1de13037eb1bcfeefc20d46af38743bdac68e6 read=15113 ch=58 start_time=2020-02-10T17:57:10Z flow_cell_id=ACE547 protocol_group_id=barcode_test sample_id=barcodes_fish H+(0,10),H-(2,8) c1 H+(0,10),H-(2,8) c1
1	330f2aa5-f20e-468a-b28d-1dba5df5daf7 runid=ed1de13037eb1bcfeefc20d46af38743bdac68e6 read=15318 ch=94 start_time=2020-02-10T17:36:12Z flow_cell_id=ACE547 protocol_group_id=barcode_test sample_id=barcodes_fish h+(3),h-(1) c1 h+(3),h-(1) c1
1	be29592d-f96d-4400-93b4-bdf0cb995dd5 runid=ed1de13037eb1bcfeefc20d46af38743bdac68e6 read=14497 ch=69 start_time=2020-02-10T17:36:37Z flow_cell_id=ACE547 protocol_group_id=barcode_test sample_id=barcodes_fish H+(3,10),h-(3,-1) c1 H+(3,10),h-(3,-1) c1
1	efc79c57-d5e6-4bd9-b8ad-0973d834d813 runid=ed1de13037eb1bcfeefc20d46af38743bdac68e6 read=15659 ch=81 start_time=2020-02-10T17:37:19Z flow_cell_id=ACE547 protocol_group_id=barcode_test sample_id=barcodes_fish H+(3,8),h-(3,-1) c1 H+(3,8),h-(3,-1) c1
1	a7bf9fa1-70d9-4c70-a23c-814f288d18f4 runid=ed1de13037eb1bcfeefc20d46af38743bdac68e6 read=18129 ch=96 start_time=2020-02-10T17:41:54Z flow_cell_id=ACE547 protocol_group_id=barcode_test sample_id=barcodes_fish H+(0,8),H-(0,10) c1 H+(0,8),H-(0,10) c1
1	b697ed29-dc6c-4c78-b7f0-6ed6da507f73 runid=ed1de13037eb1bcfeefc20d46af38743bdac68e6 read=15723 ch=121 start_time=2020-02-10T17:49:33Z flow_cell_id=ACE547 protocol_group_id=barcode_test sample_id=barcodes_fish h+(3),h-(3) c1 h+(3),h-(3) c1
1	3388e8c1-b810-44e4-8388-f99d281d128a runid=ed1de13037eb1bcfeefc20d46af38743bdac68e6 read=13338 ch=69 start_time=2020-02-10T17:26:52Z flow_cell_id=ACE547 protocol_group_id=barcode_test sample_id=barcodes_fish H+(2,11),H-(3,10) c1 H+(2,11),H-(3,10) c1
1	f18a2cc5-df10-4e9c-b649-a82d447c4ede runid=ed1de13037eb1bcfeefc20d46af38743bdac68e6 read=12287 ch=53 start_time=2020-02-10T17:16:58Z flow_cell_id=ACE547 protocol_group_id=barcode_test sample_id=barcodes_fish h+(1),h-(1) c1 h+(1),h-(1) c1
1	989238cb-b246-4cbf-8584-983e78a6482f runid=ed1de13037eb1bcfeefc20d46af38743bdac68e6 read=12984 ch=105 start_time=2020-02-10T17:15:38Z flow_cell_id=ACE547 protocol_group_id=barcode_test sample_id=barcodes_fish h+(3),h-(2) c1 h+(3),h-(2) c1
1	38a70c81-ff8a-4de7-97e2-39eed8d545df runid=ed1de13037eb1bcfeefc20d46af38743bdac68e6 read=1449 ch=105 start_time=2020-02-10T15:43:40Z flow_cell_id=ACE547 protocol_group_id=barcode_test sample_id=barcodes_fish H+(1,8),h-(0,-1) c1 H+(1,8),h-(0,-1) c1
1	14b11f19-2487-43da-a1db-015ac80b627c runid=ed1de13037eb1bcfeefc20d46af38743bdac68e6 read=15300 ch=43 start_time=2020-02-10T17:46:43Z flow_cell_id=ACE547 protocol_group_id=barcode_test sample_id=barcodes_fish H+(3,8),h-(1,-1) c1 H+(3,8),h-(1,-1) c1
1	b7f1fba6-ce4e-4c13-bca8-0cea6e7387ba runid=ed1de13037eb1bcfeefc20d46af38743bdac68e6 read=13936 ch=95 start_time=2020-02-10T17:28:17Z flow_cell_id=ACE547 protocol_group_id=barcode_test sample_id=barcodes_fish H+(2,7),H-(1,8) c1 H+(2,7),H-(1,8) c1
1	17fa47dc-c7b5-408b-8a15-67778de97182 runid=ed1de13037eb1bcfeefc20d46af38743bdac68e6 read=13476 ch=73 start_time=2020-02-10T17:39:43Z flow_cell_id=ACE547 protocol_group_id=barcode_test sample_id=barcodes_fish H+(1,8),H-(3,10) c1 H+(1,8),H-(3,10) c1
1	fad8bc3d-1cf1-435f-bd3f-8a6cd69faea9 runid=ed1de13037eb1bcfeefc20d46af38743bdac68e6 read=13892 ch=26 start_time=2020-02-10T17:28:36Z flow_cell_id=ACE547 protocol_group_id=barcode_test sample_id=barcodes_fish h+(3),h-(3) c1 h+(3),h-(3) c1
1	03465879-4329-434b-a999-ba1665f3d329 runid=ed1de13037eb1bcfeefc20d46af38743bdac68e6 read=15023 ch=7 start_time=2020-02-10T17:44:20Z flow_cell_id=ACE547 protocol_group_id=barcode_test sample_id=barcodes_fish H+(0,10),H-(0,9) c1 H+(0,10),H-(0,9) c1
1	e61d1049-d27e-4cef-ab83-6e810e142fb1 runid=ed1de13037eb1bcfeefc20d46af38743bdac68e6 read=19324 ch=25 start_time=2020-02-10T18:08:01Z flow_cell_id=ACE547 protocol_group_id=barcode_test sample_id=barcodes_fish H+(2,11),H-(3,11) c1 H+(2,11),H-(3,11) c1
1	89bff68f-b026-434a-a894-ffda7aab89fe runid=ed1de13037eb1bcfeefc20d46af38743bdac68e6 read=13973 ch=40 start_time=2020-02-10T17:28:00Z flow_cell_id=ACE547 protocol_group_id=barcode_test sample_id=barcodes_fish H+(1,9),h-(0,-1) c1 H+(1,9),h-(0,-1) c1
1	d1a163a5-b64f-4cbc-95b9-37a4e23aac43 runid=ed1de13037eb1bcfeefc20d46af38743bdac68e6 read=17518 ch=32 start_time=2020-02-10T17:55:51Z flow_cell_id=ACE547 protocol_group_id=barcode_test sample_id=barcodes_fish h+(3),h-(1) c1 h+(3),h-(1) c1
1	0b63503c-b362-4092-a335-a913e7bfdfd8 runid=ed1de13037eb1bcfeefc20d46af38743bdac68e6 read=18611 ch=26 start_time=2020-02-10T18:05:02Z flow_cell_id=ACE547 protocol_group_id=barcode_test sample_id=barcodes_fish H+(2,11),h-(3,-1) c1 H+(2,11),h-(3,-1) c1
1	963c10f2-f55d-41d0-b970-e41723bf9a27 runid=ed1de13037eb1bcfeefc20d46af38743bdac68e6 read=17728 ch=81 start_time=2020-02-10T17:54:23Z flow_cell_id=ACE547 protocol_group_id=barcode_test sample_id=barcodes_fish H+(1,9),h-(1,-1) c1 H+(1,9),h-(1,-1) c1
1	55ee1d31-30ac-4336-882a-68fd7b4c0b71 runid=ed1de13037eb1bcfeefc20d46af38743bdac68e6 read=1921 ch=60 start_time=2020-02-10T15:47:19Z flow_cell_id=ACE547 protocol_group_id=barcode_test sample_id=barcodes_fish H+(3,10),h-(0,-1) c1 H+(3,10),h-(0,-1) c1
1	f6be94b5-6087-4791-afee-dd5595e95547 runid=ed1de13037eb1bcfeefc20d46af38743bdac68e6 read=14396 ch=69 start_time=2020-02-10T17:35:37Z flow_cell_id=ACE547 protocol_group_id=barcode_test sample_id=barcodes_fish H+(0,8),H-(3,11) c1 H+(0,8),H-(3,11) c1
1	6f9b66e6-b2ba-413e-a2f4-2454c5962101 runid=ed1de13037eb1bcfeefc20d46af38743bdac68e6 read=18221 ch=34 start_time=2020-02-10T18:06:55Z flow_cell_id=ACE547 protocol_group_id=barcode_test sample_id=barcodes_fish H+(2,11),H-(1,10) c1 H+(2,11),H-(1,10) c1
1	cbe70554-7997-4501-8acc-18b0dd16196c runid=ed1de13037eb1bcfeefc20d46af38743bdac68e6 read=12809 ch=53 start_time=2020-02-10T17:21:34Z flow_cell_id=ACE547 protocol_group_id=barcode_test sample_id=barcodes_fish h+(2),h-(1) c1 h+(2),h-(1) c1
1	06e193f0-6ec7-4273-8633-a11e51007f33 runid=ed1de13037eb1bcfeefc20d46af38743bdac68e6 read=11261 ch=73 start_time=2020-02-10T17:19:20Z flow_cell_id=ACE547 protocol_group_id=barcode_test sample_id=barcodes_fish H+(2,10),H-(1,10) c1 H+(2,10),H-(1,10) c1
1	3de20c82-55da-4b61-9197-d119c11dc7e6 runid=ed1de13037eb1bcfeefc20d46af38743bdac68e6 read=16927 ch=68 start_time=2020-02-10T17:56:16Z flow_cell_id=ACE547 protocol_group_id=barcode_test sample_id=barcodes_fish H+(3,11),H-(1,7) c1 H+(3,11),H-(1,7) c1
1	2829ea29-6053-4c8c-bd43-a178c51cba9a runid=ed1de13037eb1bcfeefc20d46af38743bdac68e6 read=13985 ch=99 start_time=2020-02-10T18:03:45Z flow_cell_id=ACE547 protocol_group_id=barcode_test sample_id=barcodes_fish H+(3,11),H-(0,9) c1 H+(3,11),H-(0,9) c1
1	83fd7b72-dbf5-4ea1-aa95-c9dba98b12b6 runid=ed1de13037eb1bcfeefc20d46af38743bdac68e6 read=15219 ch=34 start_time=2020-02-10T17:41:42Z flow_cell_id=ACE547 protocol_group_id=barcode_test sample_id=barcodes_fish H+(1,11),H-(1,10) c1 H+(1,11),H-(1,10) c1
1	40658464-7318-4522-bde1-9da6cb73df72 runid=ed1de13037eb1bcfeefc20d46af38743bdac68e6 read=17357 ch=105 start_time=2020-02-10T17:50:45Z flow_cell_id=ACE547 protocol_group_id=barcode_test sample_id=barcodes_fish H+(0,10),H-(2,10) c1 H+(0,10),H-(2,10) c1
1	58154d6a-aa60-4b3b-8dec-dfab99b41d38 runid=ed1de13037eb1bcfeefc20d46af38743bdac68e6 read=20518 ch=38 start_time=2020-02-10T18:16:07Z flow_cell_id=ACE547 protocol_group_id=barcode_test sample_id=barcodes_fish H+(3,10),h-(1,-1) c1 H+(3,10),h-(1,-1) c1
1	efb76f0d-1116-4db4-9163-56bfc060e505 runid=ed1de13037eb1bcfeefc20d46af38743bdac68e6 read=13990 ch=58 start_time=2020-02-10T17:46:40Z flow_cell_id=ACE547 protocol_group_id=barcode_test sample_id=barcodes_fish h+(3),h-(0) c1 h+(3),h-(0) c1
1	d007dc73-cc14-47fe-98f6-39487226cce6 runid=ed1de13037eb1bcfeefc20d46af38743bdac68e6 read=15432 ch=25 start_time=2020-02-10T17:35:56Z flow_cell_id=ACE547 protocol_group_id=barcode_test sample_id=barcodes_fish H+(0,8),H-(1,11) c1 H+(0,8),H-(1,11) c1
1	567745e8-48fc-48ed-beca-8090495cb8af runid=ed1de13037eb1bcfeefc20d46af38743bdac68e6 read=14151 ch=32 start_time=2020-02-10T17:28:43Z flow_cell_id=ACE547 protocol_group_id=barcode_test sample_id=barcodes_fish h+(3),h-(3) c1 h+(3),h-(3) c1
1	488ecab9-7062-4e56-bd6c-8d7603eb5090 runid=ed1de13037eb1bcfeefc20d46af38743bdac68e6 read=17772 ch=60 start_time=2020-02-10T18:01:45Z flow_cell_id=ACE547 protocol_group_id=barcode_test sample_id=barcodes_fish H+(3,7),H-(0,7) c1 H+(3,7),H-(0,7) c1
1	26249c2f-2661-40c0-930d-2456ef93f096 runid=ed1de13037eb1bcfeefc20d46af38743bdac68e6 read=13396 ch=34 start_time=2020-02-10T17:26:31Z flow_cell_id=ACE547 protocol_group_id=barcode_test sample_id=barcodes_fish H+(0,9),H-(0,10) c1 H+(0,9),H-(0,10) c1
1	157b252d-993c-4724-a121-928aa9827b88 runid=ed1de13037eb1bcfeefc20d46af38743bdac68e6 read=17593 ch=108 start_time=2020-02-10T18:03:47Z flow_cell_id=ACE547 protocol_group_id=barcode_test sample_id=barcodes_fish H+(3,7),H-(0,7) c1 H+(3,7),H-(0,7) c1
1	99bb663d-2d22-4e64-bc51-81bc6689acb4 runid=ed1de13037eb1bcfeefc20d46af38743bdac68e6 read=14585 ch=30 start_time=2020-02-10T17:31:05Z flow_cell_id=ACE547 protocol_group_id=barcode_test sample_id=barcodes_fish h+(3),h-(2) c1 h+(3),h-(2) c1
1	0895b227-5592-4ef6-96e1-5bab8834d658 runid=ed1de13037eb1bcfeefc20d46af38743bdac68e6 read=16982 ch=104 start_time=2020-02-10T17:30:18Z flow_cell_id=ACE547 protocol_group_id=barcode_test sample_id=barcodes_fish H+(3,10),h-(2,-1) c1 H+(3,10),h-(2,-1) c1
1	d7514a3b-80ff-490e-993b-202288449111 runid=ed1de13037eb1bcfeefc20d46af38743bdac68e6 read=13443 ch=17 start_time=2020-02-10T17:29:27Z flow_cell_id=ACE547 protocol_group_id=barcode_test sample_id=barcodes_fish H+(3,8),H-(1,10) c1 H+(3,8),H-(1,10) c1
1	e7f9299c-c962-40d9-a7e9-bb7a910da2ec runid=ed1de13037eb1bcfeefc20d46af38743bdac68e6 read=1869 ch=84 start_time=2020-02-10T17:18:03Z flow_cell_id=ACE547 protocol_group_id=barcode_test sample_id=barcodes_fish h+(0),h-(1) c1 h+(0),h-(1) c1
1	62987b6b-c512-440e-bd57-584d92984c5a runid=ed1de13037eb1bcfeefc20d46af38743bdac68e6 read=11963 ch=7 start_time=2020-02-10T17:17:13Z flow_cell_id=ACE547 protocol_group_id=barcode_test sample_id=barcodes_fish h+(2),h-(1) c1 h+(2),h-(1) c1
1	454f721e-c309-4b5d-ab8a-e79ed33ccce3 runid=ed1de13037eb1bcfeefc20d46af38743bdac68e6 read=18724 ch=25 start_time=2020-02-10T18:02:59Z flow_cell_id=ACE547 protocol_group_id=barcode_test sample_id=barcodes_fish H+(3,10),H-(3,10) c1 H+(3,10),H-(3,10) c1
1	9e242a84-a8f8-4811-9f64-f3db3d7aa8f8 runid=ed1de13037eb1bcfeefc20d46af38743bdac68e6 read=1859 ch=8 start_time=2020-02-10T15:46:16Z flow_cell_id=ACE547 protocol_group_id=barcode_test sample_id=barcodes_fish H+(3,5),H-(3,10) c1 H+(3,5),H-(3,10) c1
1	397132c3-477f-47c8-a213-dba0e9fe1bd2 runid=ed1de13037eb1bcfeefc20d46af38743bdac68e6 read=1893 ch=8 start_time=2020-02-10T15:46:35Z flow_cell_id=ACE547 protocol_group_id=barcode_test sample_id=barcodes_fish H+(2,9),h-(3,-1) c1 H+(2,9),h-(3,-1) c1
1	d04c5dc6-924a-4a72-8464-6ed39b3c237f runid=ed1de13037eb1bcfeefc20d46af38743bdac68e6 read=17404 ch=45 start_time=2020-02-10T18:02:45Z flow_cell_id=ACE547 protocol_group_id=barcode_test sample_id=barcodes_fish h+(3),h-(0) c1 h+(3),h-(0) c1
1	c4fca504-a477-4be1-b06e-24af48fc9b99 runid=ed1de13037eb1bcfeefc20d46af38743bdac68e6 read=14805 ch=54 start_time=2020-02-10T17:32:16Z flow_cell_id=ACE547 protocol_group_id=barcode_test sample_id=barcodes_fish H+(1,8),h-(1,-1) c1 H+(1,8),h-(1,-1) c1
1	b7a055c8-ddcc-4a53-9539-2d13bb72f59c runid=ed1de13037eb1bcfeefc20d46af38743bdac68e6 read=17632 ch=103 start_time=2020-02-10T18:00:33Z flow_cell_id=ACE547 protocol_group_id=barcode_test sample_id=barcodes_fish H+(0,10),h-(3,-1) c1 H+(0,10),h-(3,-1) c1
1	f1001aad-b017-4a3c-81cf-8663886f6071 runid=ed1de13037eb1bcfeefc20d46af38743bdac68e6 read=19128 ch=106 start_time=2020-02-10T18:13:58Z flow_cell_id=ACE547 protocol_group_id=barcode_test sample_id=barcodes_fish H+(3,9),h-(2,-1) c1 H+(3,9),h-(2,-1) c1
1	065afcc6-334e-4c2c-bd6b-aa9131c1faaf runid=ed1de13037eb1bcfeefc20d46af38743bdac68e6 read=20135 ch=66 start_time=2020-02-10T18:15:56Z flow_cell_id=ACE547 protocol_group_id=barcode_test sample_id=barcodes_fish H+(1,8),h-(2,-1) c1 H+(1,8),h-(2,-1) c1
1	99bbb245-8a8e-4f98-b1c3-1cf59c0881d2 runid=ed1de13037eb1bcfeefc20d46af38743bdac68e6 read=16711 ch=95 start_time=2020-02-10T17:52:01Z flow_cell_id=ACE547 protocol_group_id=barcode_test sample_id=barcodes_fish H+(2,8),h-(3,-1) c1 H+(2,8),h-(3,-1) c1
1	641bbc1b-b4af-40be-8ff3-186d666d3745 runid=ed1de13037eb1bcfeefc20d46af38743bdac68e6 read=14179 ch=8 start_time=2020-02-10T17:31:32Z flow_cell_id=ACE547 protocol_group_id=barcode_test sample_id=barcodes_fish h+(3),h-(1) c1 h+(3),h-(1) c1
1	699f1caf-0e26-4134-845e-6b683533c62d runid=ed1de13037eb1bcfeefc20d46af38743bdac68e6 read=13003 ch=91 start_time=2020-02-10T17:37:54Z flow_cell_id=ACE547 protocol_group_id=barcode_test sample_id=barcodes_fish H+(0,8),h-(2,-1) c1 H+(0,8),h-(2,-1) c1
1	cb467f7c-07ac-4e3d-bea0-b67884f1584c runid=ed1de13037eb1bcfeefc20d46af38743bdac68e6 read=1846 ch=26 start_time=2020-02-10T15:48:38Z flow_cell_id=ACE547 protocol_group_id=barcode_test sample_id=barcodes_fish H+(2,9),H-(3,11) c1 H+(2,9),H-(3,11) c1
1	349bf546-d6f0-4f4c-a858-2769401480ec runid=ed1de13037eb1bcfeefc20d46af38743bdac68e6 read=13935 ch=14 start_time=2020-02-10T17:27:46Z flow_cell_id=ACE547 protocol_group_id=barcode_test sample_id=barcodes_fish h+(0),h-(0) c1 h+(0),h-(0) c1
1	b9dd05bb-1890-48a8-b4ff-dcf55b3786ba runid=ed1de13037eb1bcfeefc20d46af38743bdac68e6 read=9359 ch=99 start_time=2020-02-10T17:21:35Z flow_cell_id=ACE547 protocol_group_id=barcode_test sample_id=barcodes_fish h+(1),h-(1) c1 h+(1),h-(1) c1
1	3ae4563e-ea63-4296-bf4c-560dae3ffb0b runid=ed1de13037eb1bcfeefc20d46af38743bdac68e6 read=14068 ch=9 start_time=2020-02-10T18:11:48Z flow_cell_id=ACE547 protocol_group_id=barcode_test sample_id=barcodes_fish h+(0),h-(1) c1 h+(0),h-(1) c1
1	032a703f-e3f4-4c20-9b9c-8f528548ffa9 runid=ed1de13037eb1bcfeefc20d46af38743bdac68e6 read=12567 ch=59 start_time=2020-02-10T17:22:04Z flow_cell_id=ACE547 protocol_group_id=barcode_test sample_id=barcodes_fish h+(0),h-(3) c1 h+(0),h-(3) c1
1	31210a04-1d5c-4dd7-a1aa-c56b9a4ac48f runid=ed1de13037eb1bcfeefc20d46af38743bdac68e6 read=15689 ch=26 start_time=2020-02-10T17:41:59Z flow_cell_id=ACE547 protocol_group_id=barcode_test sample_id=barcodes_fish H+(2,10),h-(3,-1) c1 H+(2,10),h-(3,-1) c1
1	811a6f67-573b-45a7-9a0f-06a7e2414890 runid=ed1de13037eb1bcfeefc20d46af38743bdac68e6 read=19755 ch=105 start_time=2020-02-10T18:10:20Z flow_cell_id=ACE547 protocol_group_id=barcode_test sample_id=barcodes_fish H+(0,10),h-(2,-1) c1 H+(0,10),h-(2,-1) c1
1	fab598eb-b57a-40e6-a5fc-6b0357743171 runid=ed1de13037eb1bcfeefc20d46af38743bdac68e6 read=17430 ch=45 start_time=2020-02-10T18:02:59Z flow_cell_id=ACE547 protocol_group_id=barcode_test sample_id=barcodes_fish H+(1,9),H-(0,11) c1 H+(1,9),H-(0,11) c1
1	5db25683-97fb-4e9f-9c58-8a0c46346eb3 runid=ed1de13037eb1bcfeefc20d46af38743bdac68e6 read=11994 ch=9 start_time=2020-02-10T17:54:48Z flow_cell_id=ACE547 protocol_group_id=barcode_test sample_id=barcodes_fish H+(3,10),H-(3,11) c1 H+(3,10),H-(3,11) c1
1	2d04dfaa-1733-4e07-ac74-44d7be89d467 runid=ed1de13037eb1bcfeefc20d46af38743bdac68e6 read=12648 ch=8 start_time=2020-02-10T17:19:33Z flow_cell_id=ACE547 protocol_group_id=barcode_test sample_id=barcodes_fish H+(1,7),h-(3,-1) c1 H+(1,7),h-(3,-1) c1
1	4c4a0872-591f-42ba-8371-dce0f04263c5 runid=ed1de13037eb1bcfeefc20d46af38743bdac68e6 read=12505 ch=54 start_time=2020-02-10T17:14:33Z flow_cell_id=ACE547 protocol_group_id=barcode_test sample_id=barcodes_fish H+(3,11),H-(1,9) c1 H+(3,11),H-(1,9) c1
1	b9c928eb-2b48-43a8-a14d-0b72094edbe9 runid=ed1de13037eb1bcfeefc20d46af38743bdac68e6 read=2034 ch=115 start_time=2020-02-10T15:48:49Z flow_cell_id=ACE547 protocol_group_id=barcode_test sample_id=barcodes_fish H+(0,10),H-(3,9) c1 H+(0,10),H-(3,9) c1
1	769d9b50-1932-4076-8fd0-4fe712169f43 runid=ed1de13037eb1bcfeefc20d46af38743bdac68e6 read=22402 ch=104 start_time=2020-02-10T18:06:21Z flow_cell_id=ACE547 protocol_group_id=barcode_test sample_id=barcodes_fish H+(0,10),H-(2,9) c1 H+(0,10),H-(2,9) c1
1	4c73154f-1945-4e55-b849-ee2f2dd031c7 runid=ed1de13037eb1bcfeefc20d46af38743bdac68e6 read=16352 ch=121 start_time=2020-02-10T17:55:04Z flow_cell_id=ACE547 protocol_group_id=barcode_test sample_id=barcodes_fish H+(0,9),H-(1,11) c1 H+(0,9),H-(1,11) c1
1	3c204e65-b51c-4bfd-846e-edcfedee4bb8 runid=ed1de13037eb1bcfeefc20d46af38743bdac68e6 read=13533 ch=7 start_time=2020-02-10T17:30:49Z flow_cell_id=ACE547 protocol_group_id=barcode_test sample_id=barcodes_fish H+(2,10),H-(0,10) c1 H+(2,10),H-(0,10) c1
1	4d2088a2-037a-450c-82fb-53b9deb1ce93 runid=ed1de13037eb1bcfeefc20d46af38743bdac68e6 read=19170 ch=14 start_time=2020-02-10T18:11:54Z flow_cell_id=ACE547 protocol_group_id=barcode_test sample_id=barcodes_fish H+(1,8),H-(1,11) c1 H+(1,8),H-(1,11) c1
1	4d2c803c-d971-403f-8212-6632c1e64d6f runid=ed1de13037eb1bcfeefc20d46af38743bdac68e6 read=1508 ch=45 start_time=2020-02-10T15:43:59Z flow_cell_id=ACE547 protocol_group_id=barcode_test sample_id=barcodes_fish H+(2,9),h-(2,-1) c1 H+(2,9),h-(2,-1) c1
1	7e95a21e-c7d3-48f4-81cc-3e69b060e0b1 runid=ed1de13037eb1bcfeefc20d46af38743bdac68e6 read=18968 ch=60 start_time=2020-02-10T18:11:31Z flow_cell_id=ACE547 protocol_group_id=barcode_test sample_id=barcodes_fish H+(2,7),h-(3,-1) c1 H+(2,7),h-(3,-1) c1
1	bbf6e0c0-c57e-4629-bc93-0bcbdc196d8a runid=ed1de13037eb1bcfeefc20d46af38743bdac68e6 read=16154 ch=60 start_time=2020-02-10T17:47:46Z flow_cell_id=ACE547 protocol_group_id=barcode_test sample_id=barcodes_fish H+(2,7),H-(2,9) c1 H+(2,7),H-(2,9) c1
1	ae7b5609-143b-46cb-8a95-4406b6f493a0 runid=ed1de13037eb1bcfeefc20d46af38743bdac68e6 read=19144 ch=14 start_time=2020-02-10T18:11:42Z flow_cell_id=ACE547 protocol_group_id=barcode_test sample_id=barcodes_fish H+(2,8),h-(2,-1) c1 H+(2,8),h-(2,-1) c1
1	0bd2822c-dc78-463d-93c0-bbe6bf40f4e3 runid=ed1de13037eb1bcfeefc20d46af38743bdac68e6 read=11146 ch=58 start_time=2020-02-10T17:20:11Z flow_cell_id=ACE547 protocol_group_id=barcode_test sample_id=barcodes_fish H+(3,10),h-(3,-1) c1 H+(3,10),h-(3,-1) c1
1	2d1f702c-87ca-4cab-b239-deb98e978abf runid=ed1de13037eb1bcfeefc20d46af38743bdac68e6 read=1934 ch=10 start_time=2020-02-10T15:47:21Z flow_cell_id=ACE547 protocol_group_id=barcode_test sample_id=barcodes_fish H+(3,10),h-(1,-1) c1 H+(3,10),h-(1,-1) c1
1	9fc54878-1cfc-4a2a-b78f-fad46ef8f5cb runid=ed1de13037eb1bcfeefc20d46af38743bdac68e6 read=13213 ch=43 start_time=2020-02-10T17:28:46Z flow_cell_id=ACE547 protocol_group_id=barcode_test sample_id=barcodes_fish H+(2,10),H-(2,8) c1 H+(2,10),H-(2,8) c1
1	998bc3d0-6a5a-4957-9738-82c53d5bae94 runid=ed1de13037eb1bcfeefc20d46af38743bdac68e6 read=15998 ch=26 start_time=2020-02-10T17:44:22Z flow_cell_id=ACE547 protocol_group_id=barcode_test sample_id=barcodes_fish H+(2,11),h-(3,-1) c1 H+(2,11),h-(3,-1) c1
1	3746f339-4769-4ea7-b5cd-46751b5a0ef1 runid=ed1de13037eb1bcfeefc20d46af38743bdac68e6 read=19421 ch=95 start_time=2020-02-10T18:15:22Z flow_cell_id=ACE547 protocol_group_id=barcode_test sample_id=barcodes_fish H+(0,10),H-(1,10) c1 H+(0,10),H-(1,10) c1
1	73554172-8353-4ef3-8f04-d06243672e86 runid=ed1de13037eb1bcfeefc20d46af38743bdac68e6 read=19295 ch=8 start_time=2020-02-10T18:13:30Z flow_cell_id=ACE547 protocol_group_id=barcode_test sample_id=barcodes_fish H+(2,10),H-(1,9) c1 H+(2,10),H-(1,9) c1
1	866c28ca-3a9b-46b1-bee3-cee6a14036f6 runid=ed1de13037eb1bcfeefc20d46af38743bdac68e6 read=16848 ch=14 start_time=2020-02-10T17:52:19Z flow_cell_id=ACE547 protocol_group_id=barcode_test sample_id=barcodes_fish H+(2,10),H-(1,9) c1 H+(2,10),H-(1,9) c1
2	41622150-1cc0-452c-9fe6-ee910e62951b runid=ed1de13037eb1bcfeefc20d46af38743bdac68e6 read=1311 ch=73 start_time=2020-02-10T15:44:38Z flow_cell_id=ACE547 protocol_group_id=barcode_test sample_id=barcodes_fish H-(2,7),H+(3,10) c1 H-(2,7),H+(3,10) c1
2	1a727f5a-6a08-45c5-a44f-74b0f11b7b74 runid=ed1de13037eb1bcfeefc20d46af38743bdac68e6 read=1427 ch=58 start_time=2020-02-10T15:47:36Z flow_cell_id=ACE547 protocol_group_id=barcode_test sample_id=barcodes_fish H-(1,7),H+(1,9) c1 H-(1,7),H+(1,9) c1
2	cbb60c9d-8a1f-4032-a9b0-c53ff7da0a1b runid=ed1de13037eb1bcfeefc20d46af38743bdac68e6 read=2384 ch=35 start_time=2020-02-10T17:22:21Z flow_cell_id=ACE547 protocol_group_id=barcode_test sample_id=barcodes_fish H-(1,11),H+(2,8) c1 H-(1,11),H+(2,8) c1
2	a58012c4-fdd1-448b-8701-54bd89cc3dde runid=ed1de13037eb1bcfeefc20d46af38743bdac68e6 read=1954 ch=35 start_time=2020-02-10T17:18:46Z flow_cell_id=ACE547 protocol_group_id=barcode_test sample_id=barcodes_fish H-(0,9),H+(3,10) c1 H-(0,9),H+(3,10) c1
2	011d146e-6421-473c-9113-db799be619e8 runid=ed1de13037eb1bcfeefc20d46af38743bdac68e6 read=10775 ch=73 start_time=2020-02-10T17:15:26Z flow_cell_id=ACE547 protocol_group_id=barcode_test sample_id=barcodes_fish H-(2,9),H+(2,11) c1 H-(2,9),H+(2,11) c1
2	6fdb5683-09b0-4c68-88a8-2e9735bd9ecf runid=ed1de13037eb1bcfeefc20d46af38743bdac68e6 read=2179 ch=95 start_time=2020-02-10T15:49:31Z flow_cell_id=ACE547 protocol_group_id=barcode_test sample_id=barcodes_fish h-(2),h+(1) c1 h-(2),h+(1) c1
2	25f0e559-4778-426e-b637-369a75dd301a runid=ed1de13037eb1bcfeefc20d46af38743bdac68e6 read=18250 ch=17 start_time=2020-02-10T18:12:03Z flow_cell_id=ACE547 protocol_group_id=barcode_test sample_id=barcodes_fish H-(3,6),H+(3,10) c1 H-(3,6),H+(3,10) c1
2	3c37a122-bf0c-403e-93f8-466f3a64d51b runid=ed1de13037eb1bcfeefc20d46af38743bdac68e6 read=10707 ch=58 start_time=2020-02-10T17:16:14Z flow_cell_id=ACE547 protocol_group_id=barcode_test sample_id=barcodes_fish H-(1,10),H+(1,11) c1 H-(1,10),H+(1,11) c1
2	1296ffac-530c-46ce-bdbc-d9f7d41ba595 runid=ed1de13037eb1bcfeefc20d46af38743bdac68e6 read=15365 ch=7 start_time=2020-02-10T17:47:17Z flow_cell_id=ACE547 protocol_group_id=barcode_test sample_id=barcodes_fish H-(2,9),H+(3,9) c1 H-(2,9),H+(3,9) c1
2	c18fead5-4aad-4a02-9497-1f909c9a7e42 runid=ed1de13037eb1bcfeefc20d46af38743bdac68e6 read=15068 ch=85 start_time=2020-02-10T17:42:59Z flow_cell_id=ACE547 protocol_group_id=barcode_test sample_id=barcodes_fish H-(2,8),h+(1,-1) c1 H-(2,8),h+(1,-1) c1
2	f1fc227c-e179-436e-bffa-4ef23774ef0b runid=ed1de13037eb1bcfeefc20d46af38743bdac68e6 read=165 ch=61 start_time=2020-02-10T15:34:05Z flow_cell_id=ACE547 protocol_group_id=barcode_test sample_id=barcodes_fish h-(2),h+(0) c1 h-(2),h+(0) c1
2	b0a7c177-c712-4104-84a4-2cdefa72dbee runid=ed1de13037eb1bcfeefc20d46af38743bdac68e6 read=1403 ch=68 start_time=2020-02-10T15:44:09Z flow_cell_id=ACE547 protocol_group_id=barcode_test sample_id=barcodes_fish H-(2,7),H+(3,11) c1 H-(2,7),H+(3,11) c1
2	4cd4a129-07f3-4b77-a10e-d663351a796e runid=ed1de13037eb1bcfeefc20d46af38743bdac68e6 read=18347 ch=96 start_time=2020-02-10T17:43:44Z flow_cell_id=ACE547 protocol_group_id=barcode_test sample_id=barcodes_fish H-(3,10),H+(2,9) c1 H-(3,10),H+(2,9) c1
2	8d90afe3-887e-4e25-afde-f63bd6ee2987 runid=ed1de13037eb1bcfeefc20d46af38743bdac68e6 read=15206 ch=94 start_time=2020-02-10T17:35:06Z flow_cell_id=ACE547 protocol_group_id=barcode_test sample_id=barcodes_fish h-(1),h+(0) c1 h-(1),h+(0) c1
2	85dd826c-89e9-48e9-ab4d-ed26ffbc4192 runid=ed1de13037eb1bcfeefc20d46af38743bdac68e6 read=14465 ch=125 start_time=2020-02-10T17:34:52Z flow_cell_id=ACE547 protocol_group_id=barcode_test sample_id=barcodes_fish H-(1,11),H+(1,6) c1 H-(1,11),H+(1,6) c1
2	f7410353-7abb-4a64-89d3-c5a7878151b4 runid=ed1de13037eb1bcfeefc20d46af38743bdac68e6 read=11202 ch=58 start_time=2020-02-10T17:20:42Z flow_cell_id=ACE547 protocol_group_id=barcode_test sample_id=barcodes_fish H-(0,7),H+(1,9) c1 H-(0,7),H+(1,9) c1
2	645e6997-b7c1-4462-ac5e-f74dc544f861 runid=ed1de13037eb1bcfeefc20d46af38743bdac68e6 read=17870 ch=61 start_time=2020-02-10T18:02:49Z flow_cell_id=ACE547 protocol_group_id=barcode_test sample_id=barcodes_fish h-(2),h+(3) c1 h-(2),h+(3) c1
2	e1089c95-6333-457f-bbdf-2097b2077038 runid=ed1de13037eb1bcfeefc20d46af38743bdac68e6 read=69 ch=7 start_time=2020-02-10T15:33:25Z flow_cell_id=ACE547 protocol_group_id=barcode_test sample_id=barcodes_fish h-(3),h+(0) c1 h-(3),h+(0) c1
2	327ce488-f843-4a8f-9eba-813af4681677 runid=ed1de13037eb1bcfeefc20d46af38743bdac68e6 read=16743 ch=91 start_time=2020-02-10T18:09:27Z flow_cell_id=ACE547 protocol_group_id=barcode_test sample_id=barcodes_fish h-(2),h+(0) c1 h-(2),h+(0) c1
2	2dab7f39-a16d-46ed-8240-1b0418220c5e runid=ed1de13037eb1bcfeefc20d46af38743bdac68e6 read=1537 ch=41 start_time=2020-02-10T15:45:42Z flow_cell_id=ACE547 protocol_group_id=barcode_test sample_id=barcodes_fish h-(1),h+(0) c1 h-(1),h+(0) c1
2	9bb7f2fa-57ab-4c3a-a188-50067724ba00 runid=ed1de13037eb1bcfeefc20d46af38743bdac68e6 read=11891 ch=69 start_time=2020-02-10T17:14:34Z flow_cell_id=ACE547 protocol_group_id=barcode_test sample_id=barcodes_fish h-(2),h+(3) c1 h-(2),h+(3) c1
2	282367d9-1b58-4bf1-b51e-08d6e5f61f36 runid=ed1de13037eb1bcfeefc20d46af38743bdac68e6 read=11498 ch=43 start_time=2020-02-10T17:14:36Z flow_cell_id=ACE547 protocol_group_id=barcode_test sample_id=barcodes_fish H-(0,8),H+(0,11) c1 H-(0,8),H+(0,11) c1
2	a4c23614-5e1a-4be8-a79f-8e35ae24bac7 runid=ed1de13037eb1bcfeefc20d46af38743bdac68e6 read=15719 ch=34 start_time=2020-02-10T17:45:58Z flow_cell_id=ACE547 protocol_group_id=barcode_test sample_id=barcodes_fish H-(1,9),H+(2,10) c1 H-(1,9),H+(2,10) c1
2	9bddfea7-3ca0-4844-9c5c-054834216f1a runid=ed1de13037eb1bcfeefc20d46af38743bdac68e6 read=1928 ch=117 start_time=2020-02-10T15:46:15Z flow_cell_id=ACE547 protocol_group_id=barcode_test sample_id=barcodes_fish h-(2),h+(0) c1 h-(2),h+(0) c1
2	2cba4587-ac29-46fa-aa30-4acf5eb94ff9 runid=ed1de13037eb1bcfeefc20d46af38743bdac68e6 read=16037 ch=58 start_time=2020-02-10T18:06:27Z flow_cell_id=ACE547 protocol_group_id=barcode_test sample_id=barcodes_fish H-(1,10),H+(0,10) c1 H-(1,10),H+(0,10) c1
2	1699ea27-f0a4-4627-85bd-d7c700acdc00 runid=ed1de13037eb1bcfeefc20d46af38743bdac68e6 read=16189 ch=121 start_time=2020-02-10T17:53:43Z flow_cell_id=ACE547 protocol_group_id=barcode_test sample_id=barcodes_fish h-(1),h+(3) c1 h-(1),h+(3) c1
2	1a81f64f-9737-4e22-9e1d-75f5e7e71b13 runid=ed1de13037eb1bcfeefc20d46af38743bdac68e6 read=13770 ch=68 start_time=2020-02-10T17:28:02Z flow_cell_id=ACE547 protocol_group_id=barcode_test sample_id=barcodes_fish H-(1,8),h+(0,-1) c1 H-(1,8),h+(0,-1) c1
2	d937699b-b55d-4a1e-83f9-7d07e491dca7 runid=ed1de13037eb1bcfeefc20d46af38743bdac68e6 read=15669 ch=53 start_time=2020-02-10T17:45:06Z flow_cell_id=ACE547 protocol_group_id=barcode_test sample_id=barcodes_fish H-(2,9),H+(1,9) c1 H-(2,9),H+(1,9) c1
2	eff2381a-9975-44b0-8113-fb161dd138f8 runid=ed1de13037eb1bcfeefc20d46af38743bdac68e6 read=11750 ch=83 start_time=2020-02-10T17:20:01Z flow_cell_id=ACE547 protocol_group_id=barcode_test sample_id=barcodes_fish h-(3),h+(3) c1 h-(3),h+(3) c1
2	61105bee-785b-45a2-a294-4019009673cb runid=ed1de13037eb1bcfeefc20d46af38743bdac68e6 read=8979 ch=99 start_time=2020-02-10T17:18:19Z flow_cell_id=ACE547 protocol_group_id=barcode_test sample_id=barcodes_fish h-(3),h+(3) c1 h-(3),h+(3) c1
2	7e13c2f1-014f-4a56-a4cb-a5c27a8e3b39 runid=ed1de13037eb1bcfeefc20d46af38743bdac68e6 read=17131 ch=108 start_time=2020-02-10T17:59:50Z flow_cell_id=ACE547 protocol_group_id=barcode_test sample_id=barcodes_fish H-(3,8),H+(1,11) c1 H-(3,8),H+(1,11) c1
2	85231918-f682-4b8b-b02b-72fb9e4565cf runid=ed1de13037eb1bcfeefc20d46af38743bdac68e6 read=12456 ch=56 start_time=2020-02-10T17:19:21Z flow_cell_id=ACE547 protocol_group_id=barcode_test sample_id=barcodes_fish H-(2,10),H+(1,7) c1 H-(2,10),H+(1,7) c1
2	afbaba3f-9968-4bfe-b3e0-da1f6f2675c3 runid=ed1de13037eb1bcfeefc20d46af38743bdac68e6 read=16647 ch=96 start_time=2020-02-10T17:29:27Z flow_cell_id=ACE547 protocol_group_id=barcode_test sample_id=barcodes_fish H-(2,10),H+(0,6) c1 H-(2,10),H+(0,6) c1
2	1cdea684-9084-44de-b1c6-963742158ef3 runid=ed1de13037eb1bcfeefc20d46af38743bdac68e6 read=1869 ch=8 start_time=2020-02-10T15:46:22Z flow_cell_id=ACE547 protocol_group_id=barcode_test sample_id=barcodes_fish H-(0,8),H+(0,9) c1 H-(0,8),H+(0,9) c1
2	b6c9ba1d-8731-46ce-96eb-827ed096a09a runid=ed1de13037eb1bcfeefc20d46af38743bdac68e6 read=16607 ch=56 start_time=2020-02-10T17:53:43Z flow_cell_id=ACE547 protocol_group_id=barcode_test sample_id=barcodes_fish h-(2),h+(1) c1 h-(2),h+(1) c1
2	74dc5d9d-c8dc-4b21-a596-12d038049122 runid=ed1de13037eb1bcfeefc20d46af38743bdac68e6 read=12221 ch=89 start_time=2020-02-10T17:17:57Z flow_cell_id=ACE547 protocol_group_id=barcode_test sample_id=barcodes_fish H-(1,10),h+(3,-1) c1 H-(1,10),h+(3,-1) c1
2	8f1cbc61-5a33-4d22-9c62-dbdbd7db279b runid=ed1de13037eb1bcfeefc20d46af38743bdac68e6 read=13761 ch=58 start_time=2020-02-10T17:44:05Z flow_cell_id=ACE547 protocol_group_id=barcode_test sample_id=barcodes_fish h-(3),h+(0) c1 h-(3),h+(0) c1
2	d23dc466-bf8c-4273-bdac-78a495f6ffc0 runid=ed1de13037eb1bcfeefc20d46af38743bdac68e6 read=18326 ch=105 start_time=2020-02-10T17:58:49Z flow_cell_id=ACE547 protocol_group_id=barcode_test sample_id=barcodes_fish h-(3),h+(0) c1 h-(3),h+(0) c1
2	58b0b834-8c9b-459d-ad8f-76d0510e651f runid=ed1de13037eb1bcfeefc20d46af38743bdac68e6 read=11460 ch=41 start_time=2020-02-10T17:14:45Z flow_cell_id=ACE547 protocol_group_id=barcode_test sample_id=barcodes_fish h-(2),h+(3) c1 h-(2),h+(3) c1
2	375c7ffc-3078-4222-8a9d-4d831af614db runid=ed1de13037eb1bcfeefc20d46af38743bdac68e6 read=1876 ch=29 start_time=2020-02-10T15:48:54Z flow_cell_id=ACE547 protocol_group_id=barcode_test sample_id=barcodes_fish H-(1,9),h+(0,-1) c1 H-(1,9),h+(0,-1) c1
2	2c6d9061-57e0-4cf0-b5b5-50964057db3b runid=ed1de13037eb1bcfeefc20d46af38743bdac68e6 read=14908 ch=60 start_time=2020-02-10T17:36:47Z flow_cell_id=ACE547 protocol_group_id=barcode_test sample_id=barcodes_fish H-(3,8),H+(2,8) c1 H-(3,8),H+(2,8) c1
2	3ad1063b-edee-4612-b8da-b8bc959bc0d5 runid=ed1de13037eb1bcfeefc20d46af38743bdac68e6 read=12459 ch=119 start_time=2020-02-10T17:17:22Z flow_cell_id=ACE547 protocol_group_id=barcode_test sample_id=barcodes_fish H-(0,8),H+(0,11) c1 H-(0,8),H+(0,11) c1
2	4bdcd461-a2f4-40ef-8ef6-e6d42be56585 runid=ed1de13037eb1bcfeefc20d46af38743bdac68e6 read=14283 ch=93 start_time=2020-02-10T17:33:36Z flow_cell_id=ACE547 protocol_group_id=barcode_test sample_id=barcodes_fish H-(1,10),H+(2,7) c1 H-(1,10),H+(2,7) c1
2	acfd71c8-eea4-4f0b-80aa-a6679a338341 runid=ed1de13037eb1bcfeefc20d46af38743bdac68e6 read=15296 ch=40 start_time=2020-02-10T17:39:05Z flow_cell_id=ACE547 protocol_group_id=barcode_test sample_id=barcodes_fish H-(3,9),H+(2,11) c1 H-(3,9),H+(2,11) c1
2	2ec01fcb-94db-4bd3-aa4c-ef8d5bf06f82 runid=ed1de13037eb1bcfeefc20d46af38743bdac68e6 read=13288 ch=61 start_time=2020-02-10T17:26:13Z flow_cell_id=ACE547 protocol_group_id=barcode_test sample_id=barcodes_fish H-(1,10),H+(3,7) c1 H-(1,10),H+(3,7) c1
2	247d8f7b-4e54-41c8-90ee-09b5a6fc1ffb runid=ed1de13037eb1bcfeefc20d46af38743bdac68e6 read=16761 ch=48 start_time=2020-02-10T17:52:35Z flow_cell_id=ACE547 protocol_group_id=barcode_test sample_id=barcodes_fish H-(2,9),H+(0,10) c1 H-(2,9),H+(0,10) c1
2	2e0b5312-3fb6-4221-8ba4-708df1b74d14 runid=ed1de13037eb1bcfeefc20d46af38743bdac68e6 read=2000 ch=43 start_time=2020-02-10T15:49:13Z flow_cell_id=ACE547 protocol_group_id=barcode_test sample_id=barcodes_fish H-(3,9),H+(2,9) c1 H-(3,9),H+(2,9) c1
2	a3c1d20a-aa4f-4543-850f-e9429badd9a3 runid=ed1de13037eb1bcfeefc20d46af38743bdac68e6 read=15572 ch=95 start_time=2020-02-10T17:42:29Z flow_cell_id=ACE547 protocol_group_id=barcode_test sample_id=barcodes_fish H-(1,8),H+(0,10) c1 H-(1,8),H+(0,10) c1
2	6161d0a8-17c2-4e8c-947e-1ad40272a3d7 runid=ed1de13037eb1bcfeefc20d46af38743bdac68e6 read=15282 ch=99 start_time=2020-02-10T18:14:56Z flow_cell_id=ACE547 protocol_group_id=barcode_test sample_id=barcodes_fish H-(3,8),h+(2,-1) c1 H-(3,8),h+(2,-1) c1
2	28e9d59d-6594-4813-9b50-f35021c75c61 runid=ed1de13037eb1bcfeefc20d46af38743bdac68e6 read=8206 ch=35 start_time=2020-02-10T18:09:12Z flow_cell_id=ACE547 protocol_group_id=barcode_test sample_id=barcodes_fish H-(2,11),H+(2,10) c1 H-(2,11),H+(2,10) c1
2	c3a4d95a-bbc0-410c-ba27-34711beed14b runid=ed1de13037eb1bcfeefc20d46af38743bdac68e6 read=18406 ch=89 start_time=2020-02-10T18:11:06Z flow_cell_id=ACE547 protocol_group_id=barcode_test sample_id=barcodes_fish H-(2,9),h+(1,-1) c1 H-(2,9),h+(1,-1) c1
2	6d5c1654-aef8-4225-8c12-6963dc65b46a runid=ed1de13037eb1bcfeefc20d46af38743bdac68e6 read=14712 ch=13 start_time=2020-02-10T18:07:28Z flow_cell_id=ACE547 protocol_group_id=barcode_test sample_id=barcodes_fish H-(3,11),H+(0,9) c1 H-(3,11),H+(0,9) c1
2	9827a616-7238-4965-90b0-234a817c82dc runid=ed1de13037eb1bcfeefc20d46af38743bdac68e6 read=16306 ch=110 start_time=2020-02-10T17:53:37Z flow_cell_id=ACE547 protocol_group_id=barcode_test sample_id=barcodes_fish H-(2,8),H+(3,10) c1 H-(2,8),H+(3,10) c1
2	52bf059b-4496-4ebe-825e-120c5a78bc39 runid=ed1de13037eb1bcfeefc20d46af38743bdac68e6 read=1745 ch=32 start_time=2020-02-10T15:46:58Z flow_cell_id=ACE547 protocol_group_id=barcode_test sample_id=barcodes_fish H-(3,7),H+(0,9) c1 H-(3,7),H+(0,9) c1
2	243f18c9-6227-4f22-ad77-324eba950be2 runid=ed1de13037eb1bcfeefc20d46af38743bdac68e6 read=14356 ch=30 start_time=2020-02-10T17:29:27Z flow_cell_id=ACE547 protocol_group_id=barcode_test sample_id=barcodes_fish H-(2,9),H+(2,10) c1 H-(2,9),H+(2,10) c1
2	2a48c2af-3244-48aa-af15-3f21f6608d58 runid=ed1de13037eb1bcfeefc20d46af38743bdac68e6 read=15853 ch=17 start_time=2020-02-10T17:50:45Z flow_cell_id=ACE547 protocol_group_id=barcode_test sample_id=barcodes_fish H-(1,9),H+(3,9) c1 H-(1,9),H+(3,9) c1
2	6d1897ba-1e59-4f1d-953b-176039b0c012 runid=ed1de13037eb1bcfeefc20d46af38743bdac68e6 read=11231 ch=58 start_time=2020-02-10T17:20:51Z flow_cell_id=ACE547 protocol_group_id=barcode_test sample_id=barcodes_fish h-(2),h+(3) c1 h-(2),h+(3) c1
2	b4077610-7552-429e-8c3a-c3e7a9d0f364 runid=ed1de13037eb1bcfeefc20d46af38743bdac68e6 read=18241 ch=81 start_time=2020-02-10T17:59:03Z flow_cell_id=ACE547 protocol_group_id=barcode_test sample_id=barcodes_fish H-(0,11),H+(2,8) c1 H-(0,11),H+(2,8) c1
2	3a1fe607-ca3e-44c8-8e1c-87c785c0422c runid=ed1de13037eb1bcfeefc20d46af38743bdac68e6 read=13977 ch=60 start_time=2020-02-10T17:29:21Z flow_cell_id=ACE547 protocol_group_id=barcode_test sample_id=barcodes_fish H-(0,7),H+(1,7) c1 H-(0,7),H+(1,7) c1
2	e3920e95-c504-4b21-bdd9-14f1a1972548 runid=ed1de13037eb1bcfeefc20d46af38743bdac68e6 read=15599 ch=106 start_time=2020-02-10T17:43:28Z flow_cell_id=ACE547 protocol_group_id=barcode_test sample_id=barcodes_fish H-(2,9),H+(3,10) c1 H-(2,9),H+(3,10) c1
2	73b638a1-2892-4b05-9e3b-83df8b21bef8 runid=ed1de13037eb1bcfeefc20d46af38743bdac68e6 read=12697 ch=7 start_time=2020-02-10T17:23:52Z flow_cell_id=ACE547 protocol_group_id=barcode_test sample_id=barcodes_fish H-(3,11),H+(3,9) c1 H-(3,11),H+(3,9) c1
2	23a4a1b2-2b83-482f-8743-2c331f94a3f9 runid=ed1de13037eb1bcfeefc20d46af38743bdac68e6 read=15396 ch=32 start_time=2020-02-10T17:38:27Z flow_cell_id=ACE547 protocol_group_id=barcode_test sample_id=barcodes_fish H-(1,9),h+(1,-1) c1 H-(1,9),h+(1,-1) c1
2	debae71f-fdb8-4b0f-9ae9-99308347de42 runid=ed1de13037eb1bcfeefc20d46af38743bdac68e6 read=16708 ch=45 start_time=2020-02-10T17:56:36Z flow_cell_id=ACE547 protocol_group_id=barcode_test sample_id=barcodes_fish H-(2,8),h+(1,-1) c1 H-(2,8),h+(1,-1) c1
2	3237e799-27d4-4331-91fc-2f14d1b975eb runid=ed1de13037eb1bcfeefc20d46af38743bdac68e6 read=17373 ch=40 start_time=2020-02-10T17:55:55Z flow_cell_id=ACE547 protocol_group_id=barcode_test sample_id=barcodes_fish H-(3,10),H+(2,11) c1 H-(3,10),H+(2,11) c1
2	66c2367a-0452-48db-8010-ad0f2b7f9b2c runid=ed1de13037eb1bcfeefc20d46af38743bdac68e6 read=1642 ch=30 start_time=2020-02-10T15:44:49Z flow_cell_id=ACE547 protocol_group_id=barcode_test sample_id=barcodes_fish H-(0,9),H+(1,7) c1 H-(0,9),H+(1,7) c1
2	c8fa038a-3ed9-46b9-9cc1-bbb642b7560f runid=ed1de13037eb1bcfeefc20d46af38743bdac68e6 read=14561 ch=94 start_time=2020-02-10T17:29:25Z flow_cell_id=ACE547 protocol_group_id=barcode_test sample_id=barcodes_fish h-(2),h+(2) c1 h-(2),h+(2) c1
2	b085ae61-5863-4801-a685-8d87ae09f233 runid=ed1de13037eb1bcfeefc20d46af38743bdac68e6 read=13041 ch=34 start_time=2020-02-10T17:23:42Z flow_cell_id=ACE547 protocol_group_id=barcode_test sample_id=barcodes_fish h-(1),h+(1) c1 h-(1),h+(1) c1
2	63f62348-ba80-43f3-b1f8-0673b9e65510 runid=ed1de13037eb1bcfeefc20d46af38743bdac68e6 read=17896 ch=17 start_time=2020-02-10T18:09:08Z flow_cell_id=ACE547 protocol_group_id=barcode_test sample_id=barcodes_fish H-(3,11),H+(3,9) c1 H-(3,11),H+(3,9) c1
2	bf49bd77-7517-4d19-a357-b617f6a40911 runid=ed1de13037eb1bcfeefc20d46af38743bdac68e6 read=13556 ch=105 start_time=2020-02-10T17:20:30Z flow_cell_id=ACE547 protocol_group_id=barcode_test sample_id=barcodes_fish h-(2),h+(1) c1 h-(2),h+(1) c1
2	ac6085f4-6e81-45bc-89fb-0e667aa78870 runid=ed1de13037eb1bcfeefc20d46af38743bdac68e6 read=13927 ch=40 start_time=2020-02-10T17:27:40Z flow_cell_id=ACE547 protocol_group_id=barcode_test sample_id=barcodes_fish H-(3,9),H+(1,6) c1 H-(3,9),H+(1,6) c1
2	c090d89a-7be6-4a22-a1e5-da4c280aa3ff runid=ed1de13037eb1bcfeefc20d46af38743bdac68e6 read=2129 ch=69 start_time=2020-02-10T15:49:18Z flow_cell_id=ACE547 protocol_group_id=barcode_test sample_id=barcodes_fish H-(0,11),H+(3,7) c1 H-(0,11),H+(3,7) c1
2	4e4bf282-8424-43ae-ba7d-d6bebbe4bcfd runid=ed1de13037eb1bcfeefc20d46af38743bdac68e6 read=16062 ch=66 start_time=2020-02-10T17:40:47Z flow_cell_id=ACE547 protocol_group_id=barcode_test sample_id=barcodes_fish H-(0,8),H+(3,9) c1 H-(0,8),H+(3,9) c1
2	67a65ff9-1034-4342-8fbf-f1fb4f020203 runid=ed1de13037eb1bcfeefc20d46af38743bdac68e6 read=1587 ch=51 start_time=2020-02-10T15:45:06Z flow_cell_id=ACE547 protocol_group_id=barcode_test sample_id=barcodes_fish H-(2,10),H+(0,9) c1 H-(2,10),H+(0,9) c1
2	fe977ccd-ae5b-4699-9652-e65b94d73a5b runid=ed1de13037eb1bcfeefc20d46af38743bdac68e6 read=15004 ch=5 start_time=2020-02-10T17:35:25Z flow_cell_id=ACE547 protocol_group_id=barcode_test sample_id=barcodes_fish h-(1),h+(0) c1 h-(1),h+(0) c1
2	101537dc-f4ee-44f9-94c0-c7d9818caffe runid=ed1de13037eb1bcfeefc20d46af38743bdac68e6 read=12276 ch=58 start_time=2020-02-10T17:30:39Z flow_cell_id=ACE547 protocol_group_id=barcode_test sample_id=barcodes_fish H-(2,9),H+(0,10) c1 H-(2,9),H+(0,10) c1
2	13acdfd9-2c08-4a44-ba5e-13427231928a runid=ed1de13037eb1bcfeefc20d46af38743bdac68e6 read=11537 ch=73 start_time=2020-02-10T17:21:57Z flow_cell_id=ACE547 protocol_group_id=barcode_test sample_id=barcodes_fish H-(0,11),H+(3,9) c1 H-(0,11),H+(3,9) c1
2	16c1ba53-d7a6-4de4-9281-9864354859f2 runid=ed1de13037eb1bcfeefc20d46af38743bdac68e6 read=15353 ch=110 start_time=2020-02-10T17:45:36Z flow_cell_id=ACE547 protocol_group_id=barcode_test sample_id=barcodes_fish H-(2,11),H+(1,9) c1 H-(2,11),H+(1,9) c1
2	08f62ddf-042b-4e06-a0ea-660859901c42 runid=ed1de13037eb1bcfeefc20d46af38743bdac68e6 read=18325 ch=89 start_time=2020-02-10T18:10:28Z flow_cell_id=ACE547 protocol_group_id=barcode_test sample_id=barcodes_fish h-(3),h+(2) c1 h-(3),h+(2) c1
2	5696be9b-93d4-4cc7-bfb9-4852cc0f971d runid=ed1de13037eb1bcfeefc20d46af38743bdac68e6 read=17937 ch=94 start_time=2020-02-10T17:59:19Z flow_cell_id=ACE547 protocol_group_id=barcode_test sample_id=barcodes_fish H-(2,9),H+(3,9) c1 H-(2,9),H+(3,9) c1
2	d79c65d7-2be9-4c1e-9039-0125c28366dd runid=ed1de13037eb1bcfeefc20d46af38743bdac68e6 read=19776 ch=30 start_time=2020-02-10T18:13:46Z flow_cell_id=ACE547 protocol_group_id=barcode_test sample_id=barcodes_fish H-(0,8),h+(3,-1) c1 H-(0,8),h+(3,-1) c1
2	3f1ffcb3-c567-422b-adae-d32182bc2db4 runid=ed1de13037eb1bcfeefc20d46af38743bdac68e6 read=13182 ch=26 start_time=2020-02-10T17:23:11Z flow_cell_id=ACE547 protocol_group_id=barcode_test sample_id=barcodes_fish H-(2,7),h+(0,-1) c1 H-(2,7),h+(0,-1) c1
2	f991cbce-fd99-4989-a344-9f6f1527c5e8 runid=ed1de13037eb1bcfeefc20d46af38743bdac68e6 read=16134 ch=66 start_time=2020-02-10T17:41:24Z flow_cell_id=ACE547 protocol_group_id=barcode_test sample_id=barcodes_fish h-(3),h+(2) c1 h-(3),h+(2) c1
2	b7799bdc-7105-4d73-ae04-fd76860353a4 runid=ed1de13037eb1bcfeefc20d46af38743bdac68e6 read=19338 ch=81 start_time=2020-02-10T18:09:38Z flow_cell_id=ACE547 protocol_group_id=barcode_test sample_id=barcodes_fish H-(0,9),H+(1,11) c1 H-(0,9),H+(1,11) c1
2	e55675cc-86b9-4dbf-9172-693d3efc2f2d runid=ed1de13037eb1bcfeefc20d46af38743bdac68e6 read=18720 ch=89 start_time=2020-02-10T18:14:04Z flow_cell_id=ACE547 protocol_group_id=barcode_test sample_id=barcodes_fish H-(0,9),H+(1,11) c1 H-(0,9),H+(1,11) c1
2	47dada19-cfc9-45bd-a64d-2a9a533469b3 runid=ed1de13037eb1bcfeefc20d46af38743bdac68e6 read=17818 ch=105 start_time=2020-02-10T17:54:40Z flow_cell_id=ACE547 protocol_group_id=barcode_test sample_id=barcodes_fish H-(1,11),H+(1,8) c1 H-(1,11),H+(1,8) c1
2	25ff7539-43d1-42bf-b54e-d57ae8305c36 runid=ed1de13037eb1bcfeefc20d46af38743bdac68e6 read=17570 ch=103 start_time=2020-02-10T18:00:02Z flow_cell_id=ACE547 protocol_group_id=barcode_test sample_id=barcodes_fish H-(1,10),H+(1,9) c1 H-(1,10),H+(1,9) c1
2	6b0831c1-7bb8-4ebe-bdb3-79dd0146dd90 runid=ed1de13037eb1bcfeefc20d46af38743bdac68e6 read=1774 ch=105 start_time=2020-02-10T15:46:01Z flow_cell_id=ACE547 protocol_group_id=barcode_test sample_id=barcodes_fish H-(0,11),H+(3,7) c1 H-(0,11),H+(3,7) c1
2	7ffd5773-fe5f-46dd-ad42-32f024f1311d runid=ed1de13037eb1bcfeefc20d46af38743bdac68e6 read=12364 ch=48 start_time=2020-02-10T17:16:04Z flow_cell_id=ACE547 protocol_group_id=barcode_test sample_id=barcodes_fish H-(2,8),H+(1,11) c1 H-(2,8),H+(1,11) c1
2	90904b10-a44b-48b2-9c1c-6402a09f66d5 runid=ed1de13037eb1bcfeefc20d46af38743bdac68e6 read=16556 ch=45 start_time=2020-02-10T17:55:12Z flow_cell_id=ACE547 protocol_group_id=barcode_test sample_id=barcodes_fish H-(2,10),H+(2,6) c1 H-(2,10),H+(2,6) c1
2	5cfc110a-a357-4264-adfe-cd29cf127e82 runid=ed1de13037eb1bcfeefc20d46af38743bdac68e6 read=14501 ch=34 start_time=2020-02-10T17:35:48Z flow_cell_id=ACE547 protocol_group_id=barcode_test sample_id=barcodes_fish H-(2,10),H+(2,10) c1 H-(2,10),H+(2,10) c1
2	86f5f92c-8d4a-44b5-ad66-98271bf75402 runid=ed1de13037eb1bcfeefc20d46af38743bdac68e6 read=2130 ch=84 start_time=2020-02-10T17:19:59Z flow_cell_id=ACE547 protocol_group_id=barcode_test sample_id=barcodes_fish H-(2,10),H+(2,9) c1 H-(2,10),H+(2,9) c1
2	7132f304-d97e-47e4-b882-05b7924c1e7b runid=ed1de13037eb1bcfeefc20d46af38743bdac68e6 read=2119 ch=125 start_time=2020-02-10T15:49:23Z flow_cell_id=ACE547 protocol_group_id=barcode_test sample_id=barcodes_fish H-(0,8),H+(0,8) c1 H-(0,8),H+(0,8) c1
2	431153eb-4840-447a-a160-6086ef52d4bb runid=ed1de13037eb1bcfeefc20d46af38743bdac68e6 read=16425 ch=60 start_time=2020-02-10T17:50:03Z flow_cell_id=ACE547 protocol_group_id=barcode_test sample_id=barcodes_fish h-(1),h+(0) c1 h-(1),h+(0) c1
2	193797dd-9580-40e5-895c-fdb94e78aa3d runid=ed1de13037eb1bcfeefc20d46af38743bdac68e6 read=19071 ch=48 start_time=2020-02-10T18:12:23Z flow_cell_id=ACE547 protocol_group_id=barcode_test sample_id=barcodes_fish H-(2,8),H+(0,8) c1 H-(2,8),H+(0,8) c1
2	50c3f314-0636-4ccd-b139-6055b8ed0155 runid=ed1de13037eb1bcfeefc20d46af38743bdac68e6 read=16544 ch=68 start_time=2020-02-10T17:52:22Z flow_cell_id=ACE547 protocol_group_id=barcode_test sample_id=barcodes_fish h-(2),h+(2) c1 h-(2),h+(2) c1
2	9c9e166a-a3fa-445a-8c58-2d18b59c0b16 runid=ed1de13037eb1bcfeefc20d46af38743bdac68e6 read=13391 ch=103 start_time=2020-02-10T17:24:02Z flow_cell_id=ACE547 protocol_group_id=barcode_test sample_id=barcodes_fish H-(2,10),H+(2,6) c1 H-(2,10),H+(2,6) c1
2	89f1bb4f-e4be-4dd2-b560-6068b042f016 runid=ed1de13037eb1bcfeefc20d46af38743bdac68e6 read=18331 ch=108 start_time=2020-02-10T18:10:22Z flow_cell_id=ACE547 protocol_group_id=barcode_test sample_id=barcodes_fish H-(3,5),H+(0,11) c1 H-(3,5),H+(0,11) c1
2	d8807d63-cffa-4f11-af1f-e2d61c811d28 runid=ed1de13037eb1bcfeefc20d46af38743bdac68e6 read=14668 ch=105 start_time=2020-02-10T17:29:08Z flow_cell_id=ACE547 protocol_group_id=barcode_test sample_id=barcodes_fish H-(2,9),H+(3,8) c1 H-(2,9),H+(3,8) c1
2	e1876840-8e4c-4c45-874b-bc8bc218b6fb runid=ed1de13037eb1bcfeefc20d46af38743bdac68e6 read=14261 ch=110 start_time=2020-02-10T17:35:58Z flow_cell_id=ACE547 protocol_group_id=barcode_test sample_id=barcodes_fish H-(2,9),h+(0,-1) c1 H-(2,9),h+(0,-1) c1
2	d7076ad1-aaf9-49e5-9205-3c5be23c4397 runid=ed1de13037eb1bcfeefc20d46af38743bdac68e6 read=18590 ch=66 start_time=2020-02-10T18:02:44Z flow_cell_id=ACE547 protocol_group_id=barcode_test sample_id=barcodes_fish h-(3),h+(2) c1 h-(3),h+(2) c1
2	14214df4-89e4-4c5b-b112-2528e11e4b58 runid=ed1de13037eb1bcfeefc20d46af38743bdac68e6 read=11761 ch=83 start_time=2020-02-10T17:20:10Z flow_cell_id=ACE547 protocol_group_id=barcode_test sample_id=barcodes_fish H-(2,10),h+(3,-1) c1 H-(2,10),h+(3,-1) c1
2	1a0cbb20-2ee1-437b-8123-7041db3333cb runid=ed1de13037eb1bcfeefc20d46af38743bdac68e6 read=12232 ch=119 start_time=2020-02-10T17:15:17Z flow_cell_id=ACE547 protocol_group_id=barcode_test sample_id=barcodes_fish H-(2,10),H+(0,11) c1 H-(2,10),H+(0,11) c1
2	9419adc7-5351-48b9-99d0-bcb4a5443fc9 runid=ed1de13037eb1bcfeefc20d46af38743bdac68e6 read=15557 ch=17 start_time=2020-02-10T17:48:17Z flow_cell_id=ACE547 protocol_group_id=barcode_test sample_id=barcodes_fish H-(2,8),H+(0,9) c1 H-(2,8),H+(0,9) c1
2	a87e94d5-2759-4e2c-a388-39fb03477d70 runid=ed1de13037eb1bcfeefc20d46af38743bdac68e6 read=19473 ch=5 start_time=2020-02-10T18:11:59Z flow_cell_id=ACE547 protocol_group_id=barcode_test sample_id=barcodes_fish H-(3,11),H+(3,10) c1 H-(3,11),H+(3,10) c1
2	a49ca335-f36a-4820-bd83-7e132b58a7aa runid=ed1de13037eb1bcfeefc20d46af38743bdac68e6 read=17157 ch=15 start_time=2020-02-10T18:01:49Z flow_cell_id=ACE547 protocol_group_id=barcode_test sample_id=barcodes_fish H-(3,7),H+(0,8) c1 H-(3,7),H+(0,8) c1
300	be9a5a2d-5ef9-4d1d-ba5a-1e3375e6a745 runid=ed1de13037eb1bcfeefc20d46af38743bdac68e6 read=14283 ch=108 start_time=2020-02-10T17:35:33Z flow_cell_id=ACE547 protocol_group_id=barcode_test sample_id=barcodes_fish H-(0,9),h+(3,-1) c1 H-(0,9),h+(3,-1) c1
300	874f0981-9524-4061-8be4-53f1faed262d runid=ed1de13037eb1bcfeefc20d46af38743bdac68e6 read=17271 ch=125 start_time=2020-02-10T17:59:51Z flow_cell_id=ACE547 protocol_group_id=barcode_test sample_id=barcodes_fish h-(2),h+(1) c1 h-(2),h+(1) c1
300	cb5f56bb-4533-4727-a370-157b0e95bcae runid=ed1de13037eb1bcfeefc20d46af38743bdac68e6 read=17182 ch=53 start_time=2020-02-10T17:58:25Z flow_cell_id=ACE547 protocol_group_id=barcode_test sample_id=barcodes_fish H-(2,9),h+(2,-1) c1 H-(2,9),h+(2,-1) c1
300	a6741c10-47b7-477a-92ab-e5773e4eb31d runid=ed1de13037eb1bcfeefc20d46af38743bdac68e6 read=15623 ch=48 start_time=2020-02-10T17:42:50Z flow_cell_id=ACE547 protocol_group_id=barcode_test sample_id=barcodes_fish H-(1,10),H+(0,10) c1 H-(1,10),H+(0,10) c1
300	af0bb42c-7bf2-48f6-85a1-55009472969b runid=ed1de13037eb1bcfeefc20d46af38743bdac68e6 read=15130 ch=14 start_time=2020-02-10T17:37:09Z flow_cell_id=ACE547 protocol_group_id=barcode_test sample_id=barcodes_fish h-(2),h+(0) c1 h-(2),h+(0) c1
300	534306b2-b548-43b1-a2fa-c8ecfe823f19 runid=ed1de13037eb1bcfeefc20d46af38743bdac68e6 read=18746 ch=66 start_time=2020-02-10T18:04:01Z flow_cell_id=ACE547 protocol_group_id=barcode_test sample_id=barcodes_fish H-(1,10),h+(1,-1) c1 H-(1,10),h+(1,-1) c1
300	d35548a7-a582-4170-aaf7-924bbc217d49 runid=ed1de13037eb1bcfeefc20d46af38743bdac68e6 read=12653 ch=43 start_time=2020-02-10T17:23:51Z flow_cell_id=ACE547 protocol_group_id=barcode_test sample_id=barcodes_fish h-(2),h+(3) c1 h-(2),h+(3) c1
300	8b8c50b1-114d-48c0-ae46-504de8a6f50a runid=ed1de13037eb1bcfeefc20d46af38743bdac68e6 read=14072 ch=14 start_time=2020-02-10T17:28:54Z flow_cell_id=ACE547 protocol_group_id=barcode_test sample_id=barcodes_fish H-(1,9),h+(1,-1) c1 H-(1,9),h+(1,-1) c1
300	359ddb8e-22bc-4285-9184-f1957628eeff runid=ed1de13037eb1bcfeefc20d46af38743bdac68e6 read=10123 ch=9 start_time=2020-02-10T17:38:17Z flow_cell_id=ACE547 protocol_group_id=barcode_test sample_id=barcodes_fish H-(3,11),H+(2,9) c1 H-(3,11),H+(2,9) c1
300	8f02ff64-a0d1-4dca-ae7e-911b3f6649e2 runid=ed1de13037eb1bcfeefc20d46af38743bdac68e6 read=13353 ch=91 start_time=2020-02-10T17:40:51Z flow_cell_id=ACE547 protocol_group_id=barcode_test sample_id=barcodes_fish H-(2,8),h+(0,-1) c1 H-(2,8),h+(0,-1) c1
300	2f905c85-cb12-401d-9639-cff02d93c3b1 runid=ed1de13037eb1bcfeefc20d46af38743bdac68e6 read=8887 ch=9 start_time=2020-02-10T17:27:58Z flow_cell_id=ACE547 protocol_group_id=barcode_test sample_id=barcodes_fish H-(3,9),H+(3,11) c1 H-(3,9),H+(3,11) c1
300	cdd842b7-8c8a-43da-b169-4601e95dd70b runid=ed1de13037eb1bcfeefc20d46af38743bdac68e6 read=13569 ch=103 start_time=2020-02-10T17:25:35Z flow_cell_id=ACE547 protocol_group_id=barcode_test sample_id=barcodes_fish H-(2,10),H+(1,11) c1 H-(2,10),H+(1,11) c1
300	ea8887bc-cd79-4045-b26f-438f163135b3 runid=ed1de13037eb1bcfeefc20d46af38743bdac68e6 read=16458 ch=31 start_time=2020-02-10T17:53:16Z flow_cell_id=ACE547 protocol_group_id=barcode_test sample_id=barcodes_fish H-(0,11),H+(3,10) c1 H-(0,11),H+(3,10) c1
300	a10b49e5-6429-4ff1-b8a5-0ed654bc477e runid=ed1de13037eb1bcfeefc20d46af38743bdac68e6 read=13154 ch=17 start_time=2020-02-10T17:27:00Z flow_cell_id=ACE547 protocol_group_id=barcode_test sample_id=barcodes_fish h-(2),h+(2) c1 h-(2),h+(2) c1
300	0a9a0abf-4615-4ba0-bdb1-9a8f9c98e38d runid=ed1de13037eb1bcfeefc20d46af38743bdac68e6 read=15680 ch=56 start_time=2020-02-10T17:46:24Z flow_cell_id=ACE547 protocol_group_id=barcode_test sample_id=barcodes_fish H-(1,8),H+(1,9) c1 H-(1,8),H+(1,9) c1
300	7ab7d89e-1cc5-413e-97c5-d7221be500bc runid=ed1de13037eb1bcfeefc20d46af38743bdac68e6 read=19215 ch=25 start_time=2020-02-10T18:07:11Z flow_cell_id=ACE547 protocol_group_id=barcode_test sample_id=barcodes_fish H-(3,9),H+(2,8) c1 H-(3,9),H+(2,8) c1
300	abac1dee-de89-410b-8ffb-a54f010343cf runid=ed1de13037eb1bcfeefc20d46af38743bdac68e6 read=12975 ch=26 start_time=2020-02-10T17:21:26Z flow_cell_id=ACE547 protocol_group_id=barcode_test sample_id=barcodes_fish H-(2,10),H+(2,9) c1 H-(2,10),H+(2,9) c1
300	d6b9628d-e151-43f0-8006-03eec47a2293 runid=ed1de13037eb1bcfeefc20d46af38743bdac68e6 read=2091 ch=81 start_time=2020-02-10T15:47:40Z flow_cell_id=ACE547 protocol_group_id=barcode_test sample_id=barcodes_fish h-(2),h+(0) c1 h-(2),h+(0) c1
300	ecc5899f-d56e-40b1-b1a6-a34ab521bef7 runid=ed1de13037eb1bcfeefc20d46af38743bdac68e6 read=19847 ch=26 start_time=2020-02-10T18:14:56Z flow_cell_id=ACE547 protocol_group_id=barcode_test sample_id=barcodes_fish h-(3),h+(0) c1 h-(3),h+(0) c1
300	f218c677-cba5-4de6-aa56-84fec2819e4f runid=ed1de13037eb1bcfeefc20d46af38743bdac68e6 read=1704 ch=30 start_time=2020-02-10T15:45:19Z flow_cell_id=ACE547 protocol_group_id=barcode_test sample_id=barcodes_fish H-(2,8),H+(0,10) c1 H-(2,8),H+(0,10) c1
300	3dca9502-671c-47e2-82b7-9226660c7cc2 runid=ed1de13037eb1bcfeefc20d46af38743bdac68e6 read=17266 ch=15 start_time=2020-02-10T18:02:55Z flow_cell_id=ACE547 protocol_group_id=barcode_test sample_id=barcodes_fish H-(2,10),H+(2,10) c1 H-(2,10),H+(2,10) c1
300	8fe70d34-c670-4905-a636-e63496036295 runid=ed1de13037eb1bcfeefc20d46af38743bdac68e6 read=18095 ch=41 start_time=2020-02-10T18:11:58Z flow_cell_id=ACE547 protocol_group_id=barcode_test sample_id=barcodes_fish h-(2),h+(3) c1 h-(2),h+(3) c1
300	32469ab2-6a0e-46dc-bf50-353cbede3482 runid=ed1de13037eb1bcfeefc20d46af38743bdac68e6 read=16521 ch=66 start_time=2020-02-10T17:44:37Z flow_cell_id=ACE547 protocol_group_id=barcode_test sample_id=barcodes_fish H-(3,9),H+(0,6) c1 H-(3,9),H+(0,6) c1
300	69d507d1-8b4d-4013-8b4d-240be51e18c1 runid=ed1de13037eb1bcfeefc20d46af38743bdac68e6 read=11385 ch=99 start_time=2020-02-10T17:40:08Z flow_cell_id=ACE547 protocol_group_id=barcode_test sample_id=barcodes_fish H-(1,11),H+(3,10) c1 H-(1,11),H+(3,10) c1
300	8b73366e-f4a8-4e26-b968-cd068088d622 runid=ed1de13037eb1bcfeefc20d46af38743bdac68e6 read=2100 ch=120 start_time=2020-02-10T15:47:23Z flow_cell_id=ACE547 protocol_group_id=barcode_test sample_id=barcodes_fish H-(2,11),H+(3,7) c1 H-(2,11),H+(3,7) c1
300	a389954e-1d1d-4f23-87ea-f9e5d1d1a529 runid=ed1de13037eb1bcfeefc20d46af38743bdac68e6 read=15650 ch=10 start_time=2020-02-10T17:37:43Z flow_cell_id=ACE547 protocol_group_id=barcode_test sample_id=barcodes_fish H-(2,9),h+(2,-1) c1 H-(2,9),h+(2,-1) c1
300	cfaf03a6-b57a-4094-ae18-2414e3518c59 runid=ed1de13037eb1bcfeefc20d46af38743bdac68e6 read=16433 ch=14 start_time=2020-02-10T17:48:34Z flow_cell_id=ACE547 protocol_group_id=barcode_test sample_id=barcodes_fish h-(2),h+(0) c1 h-(2),h+(0) c1
300	b98e83be-3133-4ab9-90a1-41b0f7669f7b runid=ed1de13037eb1bcfeefc20d46af38743bdac68e6 read=17155 ch=115 start_time=2020-02-10T17:53:13Z flow_cell_id=ACE547 protocol_group_id=barcode_test sample_id=barcodes_fish H-(3,9),H+(1,9) c1 H-(3,9),H+(1,9) c1
300	0760f368-0aef-4d3e-9626-be9e016082a2 runid=ed1de13037eb1bcfeefc20d46af38743bdac68e6 read=13932 ch=125 start_time=2020-02-10T17:30:32Z flow_cell_id=ACE547 protocol_group_id=barcode_test sample_id=barcodes_fish h-(2),h+(2) c1 h-(2),h+(2) c1
300	eeea1daf-80dd-480b-87b3-b3ac3de2d813 runid=ed1de13037eb1bcfeefc20d46af38743bdac68e6 read=16818 ch=85 start_time=2020-02-10T17:58:36Z flow_cell_id=ACE547 protocol_group_id=barcode_test sample_id=barcodes_fish h-(1),h+(3) c1 h-(1),h+(3) c1
300	e89d4326-67db-4f8d-a526-2452a3f06c51 runid=ed1de13037eb1bcfeefc20d46af38743bdac68e6 read=18772 ch=26 start_time=2020-02-10T18:06:19Z flow_cell_id=ACE547 protocol_group_id=barcode_test sample_id=barcodes_fish h-(3),h+(2) c1 h-(3),h+(2) c1
300	644f1cdb-752a-42b7-8439-93d62bb6a800 runid=ed1de13037eb1bcfeefc20d46af38743bdac68e6 read=14949 ch=91 start_time=2020-02-10T17:54:25Z flow_cell_id=ACE547 protocol_group_id=barcode_test sample_id=barcodes_fish H-(2,8),h+(2,-1) c1 H-(2,8),h+(2,-1) c1
300	70e6a886-8731-4f47-a3dc-8613d80457ab runid=ed1de13037eb1bcfeefc20d46af38743bdac68e6 read=18392 ch=34 start_time=2020-02-10T18:08:26Z flow_cell_id=ACE547 protocol_group_id=barcode_test sample_id=barcodes_fish H-(2,11),H+(1,9) c1 H-(2,11),H+(1,9) c1
300	bb1ab65c-890e-4d5f-affa-c4168939c56b runid=ed1de13037eb1bcfeefc20d46af38743bdac68e6 read=16696 ch=25 start_time=2020-02-10T17:46:09Z flow_cell_id=ACE547 protocol_group_id=barcode_test sample_id=barcodes_fish H-(2,7),h+(3,-1) c1 H-(2,7),h+(3,-1) c1
300	5f10c448-fc77-4983-bf6c-6b03c890a958 runid=ed1de13037eb1bcfeefc20d46af38743bdac68e6 read=12575 ch=54 start_time=2020-02-10T17:15:21Z flow_cell_id=ACE547 protocol_group_id=barcode_test sample_id=barcodes_fish H-(2,7),h+(1,-1) c1 H-(2,7),h+(1,-1) c1
300	6e442c79-86fc-4d76-9a57-9a15fe132900 runid=ed1de13037eb1bcfeefc20d46af38743bdac68e6 read=13068 ch=13 start_time=2020-02-10T17:46:40Z flow_cell_id=ACE547 protocol_group_id=barcode_test sample_id=barcodes_fish h-(3),h+(3) c1 h-(3),h+(3) c1
300	bd5f0df3-3dd1-4ae8-97db-5b0f4f8c3e08 runid=ed1de13037eb1bcfeefc20d46af38743bdac68e6 read=17439 ch=14 start_time=2020-02-10T17:57:17Z flow_cell_id=ACE547 protocol_group_id=barcode_test sample_id=barcodes_fish h-(1),h+(1) c1 h-(1),h+(1) c1
300	42d214f1-6d64-40b5-9950-6c3197cf5d2d runid=ed1de13037eb1bcfeefc20d46af38743bdac68e6 read=16245 ch=26 start_time=2020-02-10T17:46:06Z flow_cell_id=ACE547 protocol_group_id=barcode_test sample_id=barcodes_fish H-(1,11),H+(0,9) c1 H-(1,11),H+(0,9) c1
300	23358cb2-c96d-4012-86cc-a975657a529d runid=ed1de13037eb1bcfeefc20d46af38743bdac68e6 read=16676 ch=115 start_time=2020-02-10T17:49:11Z flow_cell_id=ACE547 protocol_group_id=barcode_test sample_id=barcodes_fish H-(1,9),h+(2,-1) c1 H-(1,9),h+(2,-1) c1
300	1e74bf60-3e5c-4467-a132-bf0416c907de runid=ed1de13037eb1bcfeefc20d46af38743bdac68e6 read=23156 ch=104 start_time=2020-02-10T18:11:21Z flow_cell_id=ACE547 protocol_group_id=barcode_test sample_id=barcodes_fish h-(0),h+(0) c1 h-(0),h+(0) c1
300	d2918c25-25d5-4f0f-8cbb-7b22c72c905e runid=ed1de13037eb1bcfeefc20d46af38743bdac68e6 read=12763 ch=64 start_time=2020-02-10T18:02:30Z flow_cell_id=ACE547 protocol_group_id=barcode_test sample_id=barcodes_fish H-(2,10),H+(1,10) c1 H-(2,10),H+(1,10) c1
300	2da30b95-d133-4940-8752-a0ca8e9c4a49 runid=ed1de13037eb1bcfeefc20d46af38743bdac68e6 read=17019 ch=120 start_time=2020-02-10T17:47:29Z flow_cell_id=ACE547 protocol_group_id=barcode_test sample_id=barcodes_fish H-(2,11),h+(3,-1) c1 H-(2,11),h+(3,-1) c1
300	858a3471-461b-4456-b87d-561bc0993e64 runid=ed1de13037eb1bcfeefc20d46af38743bdac68e6 read=15636 ch=115 start_time=2020-02-10T17:40:27Z flow_cell_id=ACE547 protocol_group_id=barcode_test sample_id=barcodes_fish h-(1),h+(3) c1 h-(1),h+(3) c1
300	dcc09ea4-94ca-4f6e-8dfa-e6d96910c91b runid=ed1de13037eb1bcfeefc20d46af38743bdac68e6 read=19044 ch=14 start_time=2020-02-10T18:10:54Z flow_cell_id=ACE547 protocol_group_id=barcode_test sample_id=barcodes_fish H-(1,10),h+(2,-1) c1 H-(1,10),h+(2,-1) c1
302	69dfe2d5-a48e-43bc-9a0e-4c561f83ac39 runid=ed1de13037eb1bcfeefc20d46af38743bdac68e6 read=16859 ch=54 start_time=2020-02-10T17:50:42Z flow_cell_id=ACE547 protocol_group_id=barcode_test sample_id=barcodes_fish H+(0,9),h-(2,-1) c1 H+(0,9),h-(2,-1) c1
302	f9845721-bcf1-4ef8-bd65-d0dca9bdd9c1 runid=ed1de13037eb1bcfeefc20d46af38743bdac68e6 read=17929 ch=32 start_time=2020-02-10T17:59:25Z flow_cell_id=ACE547 protocol_group_id=barcode_test sample_id=barcodes_fish h+(3),h-(1) c1 h+(3),h-(1) c1
302	f973141e-a791-4f87-98e5-2df47c7a3054 runid=ed1de13037eb1bcfeefc20d46af38743bdac68e6 read=13243 ch=59 start_time=2020-02-10T17:28:10Z flow_cell_id=ACE547 protocol_group_id=barcode_test sample_id=barcodes_fish H+(1,9),h-(2,-1) c1 H+(1,9),h-(2,-1) c1
302	9aae6d24-b0d9-4ec0-8c60-0f4dbca4b349 runid=ed1de13037eb1bcfeefc20d46af38743bdac68e6 read=19632 ch=120 start_time=2020-02-10T18:08:59Z flow_cell_id=ACE547 protocol_group_id=barcode_test sample_id=barcodes_fish H+(2,8),H-(3,10) c1 H+(2,8),H-(3,10) c1
302	a5a5416c-e7e1-4121-83c0-edca3a7937dd runid=ed1de13037eb1bcfeefc20d46af38743bdac68e6 read=19650 ch=66 start_time=2020-02-10T18:11:48Z flow_cell_id=ACE547 protocol_group_id=barcode_test sample_id=barcodes_fish h+(1),h-(1) c1 h+(1),h-(1) c1
302	79835ff2-eb63-4d2a-b375-71720821eace runid=ed1de13037eb1bcfeefc20d46af38743bdac68e6 read=12057 ch=89 start_time=2020-02-10T17:16:26Z flow_cell_id=ACE547 protocol_group_id=barcode_test sample_id=barcodes_fish h+(3),h-(2) c1 h+(3),h-(2) c1
302	0b3e4283-9c6a-427e-aeb5-44365290a97d runid=ed1de13037eb1bcfeefc20d46af38743bdac68e6 read=18281 ch=45 start_time=2020-02-10T18:10:46Z flow_cell_id=ACE547 protocol_group_id=barcode_test sample_id=barcodes_fish H+(3,9),H-(3,10) c1 H+(3,9),H-(3,10) c1
302	2d647e31-4e9a-4ea3-abff-a50230f10909 runid=ed1de13037eb1bcfeefc20d46af38743bdac68e6 read=16513 ch=4 start_time=2020-02-10T18:09:09Z flow_cell_id=ACE547 protocol_group_id=barcode_test sample_id=barcodes_fish h+(3),h-(3) c1 h+(3),h-(3) c1
302	55db8840-e8d3-493d-95a3-712184181e33 runid=ed1de13037eb1bcfeefc20d46af38743bdac68e6 read=12924 ch=64 start_time=2020-02-10T18:04:24Z flow_cell_id=ACE547 protocol_group_id=barcode_test sample_id=barcodes_fish H+(0,9),h-(1,-1) c1 H+(0,9),h-(1,-1) c1
314	01e7f217-d610-452b-b3c8-4636a607473c runid=ed1de13037eb1bcfeefc20d46af38743bdac68e6 read=13079 ch=59 start_time=2020-02-10T17:26:31Z flow_cell_id=ACE547 protocol_group_id=barcode_test sample_id=barcodes_fish H+(3,7),h-(1,-1) c1 H+(3,7),h-(1,-1) c1
314	068f2dfe-a8f4-4229-8e38-326bfa514970 runid=ed1de13037eb1bcfeefc20d46af38743bdac68e6 read=14782 ch=4 start_time=2020-02-10T17:52:21Z flow_cell_id=ACE547 protocol_group_id=barcode_test sample_id=barcodes_fish h+(2),h-(3) c1 h+(2),h-(3) c1
265	c4485c35-81ea-4d32-9554-05221f9f64b4 runid=ed1de13037eb1bcfeefc20d46af38743bdac68e6 read=16206 ch=54 start_time=2020-02-10T17:45:00Z flow_cell_id=ACE547 protocol_group_id=barcode_test sample_id=barcodes_fish H-(3,11),h+(2,-1) c1 H-(3,11),h+(2,-1) c1
