0	f0ccdf30-dbc9-418f-89b8-5d8937a0ff98 runid=ed1de13037eb1bcfeefc20d46af38743bdac68e6 read=1967 ch=93 start_time=2020-02-10T15:48:54Z flow_cell_id=ACE547 protocol_group_id=barcode_test sample_id=barcodes_fish H+(0,10),h-(1,-1) w1 H+(0,10),h-(1,-1) w1
0	cbc878d7-e8cc-45c1-92fd-dc4a8b4735e3 runid=ed1de13037eb1bcfeefc20d46af38743bdac68e6 read=71 ch=58 start_time=2020-02-10T15:33:24Z flow_cell_id=ACE547 protocol_group_id=barcode_test sample_id=barcodes_fish H+(2,7),H-(2,11) w1 H+(2,7),H-(2,11) w1
0	999ae1cd-5206-4669-8ef8-7863846a2db4 runid=ed1de13037eb1bcfeefc20d46af38743bdac68e6 read=203 ch=40 start_time=2020-02-10T15:34:37Z flow_cell_id=ACE547 protocol_group_id=barcode_test sample_id=barcodes_fish H+(0,9),H-(3,11) w1 H+(0,9),H-(3,11) w1
0	4bbee7e6-3943-425f-8b27-07e84aba078d runid=ed1de13037eb1bcfeefc20d46af38743bdac68e6 read=17343 ch=96 start_time=2020-02-10T17:35:24Z flow_cell_id=ACE547 protocol_group_id=barcode_test sample_id=barcodes_fish H+(0,8),h-(2,-1) w1 H+(0,8),h-(2,-1) w1
0	e01865c8-da0c-4df9-9152-418726fb889b runid=ed1de13037eb1bcfeefc20d46af38743bdac68e6 read=28854 ch=73 start_time=2020-02-10T20:16:39Z flow_cell_id=ACE547 protocol_group_id=barcode_test sample_id=barcodes_fish H+(1,9),H-(3,11) w1 H+(1,9),H-(3,11) w1
0	6b4430e1-e1aa-44b0-9538-a7f6a09d2b07 runid=ed1de13037eb1bcfeefc20d46af38743bdac68e6 read=25042 ch=110 start_time=2020-02-10T19:14:58Z flow_cell_id=ACE547 protocol_group_id=barcode_test sample_id=barcodes_fish H+(1,10),h-(1,-1) w1 H+(1,10),h-(1,-1) w1
0	0e97b2fa-d99f-4f6c-aa51-7abd42a6ad2d runid=ed1de13037eb1bcfeefc20d46af38743bdac68e6 read=31590 ch=73 start_time=2020-02-10T20:43:38Z flow_cell_id=ACE547 protocol_group_id=barcode_test sample_id=barcodes_fish H+(3,10),H-(1,11) w1 H+(3,10),H-(1,11) w1
0	49354a37-29c5-4fc7-b4dd-523531207e2d runid=ed1de13037eb1bcfeefc20d46af38743bdac68e6 read=26970 ch=122 start_time=2020-02-10T20:49:27Z flow_cell_id=ACE547 protocol_group_id=barcode_test sample_id=barcodes_fish h+(0),h-(2) w1 h+(0),h-(2) w1
0	daa16abd-42ac-488d-9a3c-00649a8a9c53 runid=ed1de13037eb1bcfeefc20d46af38743bdac68e6 read=13461 ch=69 start_time=2020-02-10T17:27:52Z flow_cell_id=ACE547 protocol_group_id=barcode_test sample_id=barcodes_fish h+(2),h-(1) w1 h+(2),h-(1) w1
0	8236a73a-1315-4d02-8593-c5ff1728677c runid=ed1de13037eb1bcfeefc20d46af38743bdac68e6 read=12666 ch=124 start_time=2020-02-10T17:21:39Z flow_cell_id=ACE547 protocol_group_id=barcode_test sample_id=barcodes_fish H+(3,7),h-(3,-1) w1 H+(3,7),h-(3,-1) w1
0	63c47fee-cb58-423e-8fa4-dfa5245e5675 runid=ed1de13037eb1bcfeefc20d46af38743bdac68e6 read=33585 ch=81 start_time=2020-02-10T20:18:57Z flow_cell_id=ACE547 protocol_group_id=barcode_test sample_id=barcodes_fish H+(1,8),H-(2,9) w1 H+(1,8),H-(2,9) w1
0	999a9741-a2bc-4a8b-9020-ceb67607a29c runid=ed1de13037eb1bcfeefc20d46af38743bdac68e6 read=19738 ch=96 start_time=2020-02-10T17:56:08Z flow_cell_id=ACE547 protocol_group_id=barcode_test sample_id=barcodes_fish H+(2,11),h-(3,-1) w1 H+(2,11),h-(3,-1) w1
0	12e38aa0-4fbe-4f44-be15-a1b166fb4bd9 runid=ed1de13037eb1bcfeefc20d46af38743bdac68e6 read=36993 ch=95 start_time=2020-02-10T20:59:47Z flow_cell_id=ACE547 protocol_group_id=barcode_test sample_id=barcodes_fish H+(1,9),H-(2,10) w1 H+(1,9),H-(2,10) w1
0	725a3240-589b-4f29-9fda-c5e32427b3bc runid=ed1de13037eb1bcfeefc20d46af38743bdac68e6 read=12531 ch=119 start_time=2020-02-10T17:17:59Z flow_cell_id=ACE547 protocol_group_id=barcode_test sample_id=barcodes_fish H+(0,9),H-(3,11) w1 H+(0,9),H-(3,11) w1
0	565b7a94-df38-4ce8-a74c-30ab8ea78974 runid=ed1de13037eb1bcfeefc20d46af38743bdac68e6 read=13338 ch=61 start_time=2020-02-10T17:26:36Z flow_cell_id=ACE547 protocol_group_id=barcode_test sample_id=barcodes_fish H+(0,10),h-(1,-1) w1 H+(0,10),h-(1,-1) w1
0	0053dae7-93d4-42e4-8672-ab529e40b657 runid=ed1de13037eb1bcfeefc20d46af38743bdac68e6 read=26422 ch=108 start_time=2020-02-10T19:25:41Z flow_cell_id=ACE547 protocol_group_id=barcode_test sample_id=barcodes_fish H+(1,9),h-(3,-1) w1 H+(1,9),h-(3,-1) w1
0	9845c649-5fc5-4678-8f25-cacc828275f9 runid=ed1de13037eb1bcfeefc20d46af38743bdac68e6 read=3904 ch=84 start_time=2020-02-10T17:33:46Z flow_cell_id=ACE547 protocol_group_id=barcode_test sample_id=barcodes_fish h+(3),h-(3) w1 h+(3),h-(3) w1
0	667f0dd9-3412-4abb-aba1-2e3184f0bbea runid=ed1de13037eb1bcfeefc20d46af38743bdac68e6 read=32917 ch=60 start_time=2020-02-10T20:22:46Z flow_cell_id=ACE547 protocol_group_id=barcode_test sample_id=barcodes_fish H+(2,10),h-(2,-1) w1 H+(2,10),h-(2,-1) w1
0	148b951f-ebc1-4041-8bd4-96a9f24e1fca runid=ed1de13037eb1bcfeefc20d46af38743bdac68e6 read=2694 ch=17 start_time=2020-02-10T15:54:17Z flow_cell_id=ACE547 protocol_group_id=barcode_test sample_id=barcodes_fish H+(1,8),H-(2,8) w1 H+(1,8),H-(2,8) w1
0	866695a1-311c-447b-870f-a0949fa1f4db runid=ed1de13037eb1bcfeefc20d46af38743bdac68e6 read=12301 ch=29 start_time=2020-02-10T17:22:57Z flow_cell_id=ACE547 protocol_group_id=barcode_test sample_id=barcodes_fish H+(1,9),h-(2,-1) w1 H+(1,9),h-(2,-1) w1
0	904b631e-657e-428b-85cd-fb73dc4642bb runid=ed1de13037eb1bcfeefc20d46af38743bdac68e6 read=1769 ch=9 start_time=2020-02-10T15:45:30Z flow_cell_id=ACE547 protocol_group_id=barcode_test sample_id=barcodes_fish H+(0,9),H-(3,10) w1 H+(0,9),H-(3,10) w1
0	c8d1e928-25b9-4dab-9ce7-d9e158ea22e7 runid=ed1de13037eb1bcfeefc20d46af38743bdac68e6 read=12291 ch=68 start_time=2020-02-10T17:15:06Z flow_cell_id=ACE547 protocol_group_id=barcode_test sample_id=barcodes_fish H+(1,11),h-(3,-1) w1 H+(1,11),h-(3,-1) w1
0	029e6943-685c-4627-a3b8-6e5af3a20793 runid=ed1de13037eb1bcfeefc20d46af38743bdac68e6 read=21343 ch=106 start_time=2020-02-10T18:32:53Z flow_cell_id=ACE547 protocol_group_id=barcode_test sample_id=barcodes_fish h+(3),h-(2) w1 h+(3),h-(2) w1
0	c541b731-2af4-4285-9a26-fe2504d2abae runid=ed1de13037eb1bcfeefc20d46af38743bdac68e6 read=19386 ch=60 start_time=2020-02-10T18:14:52Z flow_cell_id=ACE547 protocol_group_id=barcode_test sample_id=barcodes_fish h+(2),h-(2) w1 h+(2),h-(2) w1
0	ec70cc1b-4afe-4c82-a883-8e6e54c478df runid=ed1de13037eb1bcfeefc20d46af38743bdac68e6 read=18335 ch=41 start_time=2020-02-10T18:14:09Z flow_cell_id=ACE547 protocol_group_id=barcode_test sample_id=barcodes_fish H+(0,8),H-(1,11) w1 H+(0,8),H-(1,11) w1
0	e0d2603a-49a6-4fdc-9472-3bd85f27d804 runid=ed1de13037eb1bcfeefc20d46af38743bdac68e6 read=1542 ch=58 start_time=2020-02-10T15:48:50Z flow_cell_id=ACE547 protocol_group_id=barcode_test sample_id=barcodes_fish H+(0,9),h-(2,-1) w1 H+(0,9),h-(2,-1) w1
0	c694a896-48cd-456d-801e-367d017758b8 runid=ed1de13037eb1bcfeefc20d46af38743bdac68e6 read=32634 ch=68 start_time=2020-02-10T20:39:21Z flow_cell_id=ACE547 protocol_group_id=barcode_test sample_id=barcodes_fish h+(2),h-(2) w1 h+(2),h-(2) w1
0	4a6c62b1-f893-4a43-95d8-48b7779c2e3c runid=ed1de13037eb1bcfeefc20d46af38743bdac68e6 read=30098 ch=58 start_time=2020-02-10T20:25:40Z flow_cell_id=ACE547 protocol_group_id=barcode_test sample_id=barcodes_fish H+(1,8),H-(3,10) w1 H+(1,8),H-(3,10) w1
0	adee2488-452b-4171-afe1-645f831e61b7 runid=ed1de13037eb1bcfeefc20d46af38743bdac68e6 read=21735 ch=106 start_time=2020-02-10T18:36:51Z flow_cell_id=ACE547 protocol_group_id=barcode_test sample_id=barcodes_fish H+(0,10),h-(1,-1) w1 H+(0,10),h-(1,-1) w1
36	ee8fad04-5857-4888-8694-1875a70ea0a7 runid=ed1de13037eb1bcfeefc20d46af38743bdac68e6 read=13111 ch=53 start_time=2020-02-10T17:24:02Z flow_cell_id=ACE547 protocol_group_id=barcode_test sample_id=barcodes_fish H+(0,10),H-(1,11) w1 H+(0,10),H-(1,11) w1
36	a4809bc5-8f86-4786-94ac-d4a4add5ea2d runid=ed1de13037eb1bcfeefc20d46af38743bdac68e6 read=14156 ch=7 start_time=2020-02-10T17:36:31Z flow_cell_id=ACE547 protocol_group_id=barcode_test sample_id=barcodes_fish H+(2,9),h-(3,-1) w1 H+(2,9),h-(3,-1) w1
36	2e5a0406-b800-4d22-9ea9-4081103dc6c1 runid=ed1de13037eb1bcfeefc20d46af38743bdac68e6 read=2012 ch=35 start_time=2020-02-10T17:19:21Z flow_cell_id=ACE547 protocol_group_id=barcode_test sample_id=barcodes_fish H+(2,9),H-(2,11) w1 H+(2,9),H-(2,11) w1
36	ff1225c5-675d-4f15-9548-4d9f31efe390 runid=ed1de13037eb1bcfeefc20d46af38743bdac68e6 read=29511 ch=45 start_time=2020-02-10T19:58:47Z flow_cell_id=ACE547 protocol_group_id=barcode_test sample_id=barcodes_fish H+(1,10),H-(2,10) w1 H+(1,10),H-(2,10) w1
36	134501de-bd4c-4122-8f8b-c5db674c35b0 runid=ed1de13037eb1bcfeefc20d46af38743bdac68e6 read=30433 ch=81 start_time=2020-02-10T19:51:06Z flow_cell_id=ACE547 protocol_group_id=barcode_test sample_id=barcodes_fish H+(0,8),h-(2,-1) w1 H+(0,8),h-(2,-1) w1
36	344a3bfe-dee9-4811-97af-69c52670af7a runid=ed1de13037eb1bcfeefc20d46af38743bdac68e6 read=13887 ch=61 start_time=2020-02-10T17:30:55Z flow_cell_id=ACE547 protocol_group_id=barcode_test sample_id=barcodes_fish H+(0,11),h-(3,-1) w1 H+(0,11),h-(3,-1) w1
36	2e383c89-8175-450f-9c20-9c5412dfb973 runid=ed1de13037eb1bcfeefc20d46af38743bdac68e6 read=18653 ch=43 start_time=2020-02-10T18:16:21Z flow_cell_id=ACE547 protocol_group_id=barcode_test sample_id=barcodes_fish H+(3,8),h-(2,-1) w1 H+(3,8),h-(2,-1) w1
36	91cb18e7-f52d-4064-a061-a90140239469 runid=ed1de13037eb1bcfeefc20d46af38743bdac68e6 read=15036 ch=8 start_time=2020-02-10T17:38:51Z flow_cell_id=ACE547 protocol_group_id=barcode_test sample_id=barcodes_fish h+(1),h-(3) w1 h+(1),h-(3) w1
36	d1844806-f5a9-410e-b6c0-2f5283fd0032 runid=ed1de13037eb1bcfeefc20d46af38743bdac68e6 read=2366 ch=38 start_time=2020-02-10T15:49:39Z flow_cell_id=ACE547 protocol_group_id=barcode_test sample_id=barcodes_fish H+(1,11),H-(1,11) w1 H+(1,11),H-(1,11) w1
36	610ab911-9efc-4258-92b0-f3e4c66913c5 runid=ed1de13037eb1bcfeefc20d46af38743bdac68e6 read=25397 ch=43 start_time=2020-02-10T19:20:52Z flow_cell_id=ACE547 protocol_group_id=barcode_test sample_id=barcodes_fish H+(2,11),H-(2,11) w1 H+(2,11),H-(2,11) w1
36	2c2d3754-2e52-4905-a643-1ecf5efb83b3 runid=ed1de13037eb1bcfeefc20d46af38743bdac68e6 read=15484 ch=54 start_time=2020-02-10T17:38:43Z flow_cell_id=ACE547 protocol_group_id=barcode_test sample_id=barcodes_fish h+(0),h-(2) w1 h+(0),h-(2) w1
36	e4117dde-02ab-4b9a-8158-30fbd8b1ad2c runid=ed1de13037eb1bcfeefc20d46af38743bdac68e6 read=30723 ch=43 start_time=2020-02-10T20:11:34Z flow_cell_id=ACE547 protocol_group_id=barcode_test sample_id=barcodes_fish H+(1,9),h-(1,-1) w1 H+(1,9),h-(1,-1) w1
36	f9c873d3-c891-44b6-9a6c-603affd698c2 runid=ed1de13037eb1bcfeefc20d46af38743bdac68e6 read=9199 ch=122 start_time=2020-02-10T18:14:17Z flow_cell_id=ACE547 protocol_group_id=barcode_test sample_id=barcodes_fish h+(2),h-(1) w1 h+(2),h-(1) w1
36	1e82e167-dd48-41f1-961d-642418970d18 runid=ed1de13037eb1bcfeefc20d46af38743bdac68e6 read=23398 ch=122 start_time=2020-02-10T20:19:32Z flow_cell_id=ACE547 protocol_group_id=barcode_test sample_id=barcodes_fish H+(2,9),H-(2,11) w1 H+(2,9),H-(2,11) w1
36	dd7453b0-eb41-4c7d-a2d0-422c305df133 runid=ed1de13037eb1bcfeefc20d46af38743bdac68e6 read=12302 ch=122 start_time=2020-02-10T18:41:08Z flow_cell_id=ACE547 protocol_group_id=barcode_test sample_id=barcodes_fish H+(1,10),H-(1,9) w1 H+(1,10),H-(1,9) w1
36	3583a500-74a1-4ecf-9652-fe53986d594f runid=ed1de13037eb1bcfeefc20d46af38743bdac68e6 read=19004 ch=60 start_time=2020-02-10T18:11:44Z flow_cell_id=ACE547 protocol_group_id=barcode_test sample_id=barcodes_fish H+(2,9),H-(3,8) w1 H+(2,9),H-(3,8) w1
36	b4988c80-ef4c-4474-b671-f3b0f63c7b24 runid=ed1de13037eb1bcfeefc20d46af38743bdac68e6 read=19469 ch=45 start_time=2020-02-10T18:21:54Z flow_cell_id=ACE547 protocol_group_id=barcode_test sample_id=barcodes_fish H+(0,10),h-(1,-1) w1 H+(0,10),h-(1,-1) w1
36	ff86c808-b73a-4e72-8ac6-c8c8ccf179fb runid=ed1de13037eb1bcfeefc20d46af38743bdac68e6 read=33731 ch=73 start_time=2020-02-10T21:04:57Z flow_cell_id=ACE547 protocol_group_id=barcode_test sample_id=barcodes_fish h+(2),h-(2) w1 h+(2),h-(2) w1
36	16a0a605-27b2-4a3b-9885-9ebfcc84b917 runid=ed1de13037eb1bcfeefc20d46af38743bdac68e6 read=12764 ch=94 start_time=2020-02-10T17:14:42Z flow_cell_id=ACE547 protocol_group_id=barcode_test sample_id=barcodes_fish H+(1,8),h-(1,-1) w1 H+(1,8),h-(1,-1) w1
36	963ab4b1-dbb3-412c-8fb4-dc348d938352 runid=ed1de13037eb1bcfeefc20d46af38743bdac68e6 read=2192 ch=84 start_time=2020-02-10T17:20:24Z flow_cell_id=ACE547 protocol_group_id=barcode_test sample_id=barcodes_fish h+(3),h-(2) w1 h+(3),h-(2) w1
36	518b5564-7ede-433f-bd3c-bb2f5792ce87 runid=ed1de13037eb1bcfeefc20d46af38743bdac68e6 read=2204 ch=89 start_time=2020-02-10T15:50:28Z flow_cell_id=ACE547 protocol_group_id=barcode_test sample_id=barcodes_fish H+(2,10),H-(1,10) w1 H+(2,10),H-(1,10) w1
36	44e4bf6e-7ae1-42d7-9189-ca19b2f055d1 runid=ed1de13037eb1bcfeefc20d46af38743bdac68e6 read=32715 ch=81 start_time=2020-02-10T20:11:30Z flow_cell_id=ACE547 protocol_group_id=barcode_test sample_id=barcodes_fish H+(3,7),h-(2,-1) w1 H+(3,7),h-(2,-1) w1
36	828b03c3-e22d-4170-ac6f-0de0f4718531 runid=ed1de13037eb1bcfeefc20d46af38743bdac68e6 read=22371 ch=30 start_time=2020-02-10T18:37:54Z flow_cell_id=ACE547 protocol_group_id=barcode_test sample_id=barcodes_fish H+(1,9),H-(2,7) w1 H+(1,9),H-(2,7) w1
36	d73986d0-3e6c-4da3-b90d-84d56aee3b6c runid=ed1de13037eb1bcfeefc20d46af38743bdac68e6 read=30942 ch=34 start_time=2020-02-10T20:01:38Z flow_cell_id=ACE547 protocol_group_id=barcode_test sample_id=barcodes_fish H+(1,10),H-(1,8) w1 H+(1,10),H-(1,8) w1
36	b13ae54b-ccd4-4fb5-b161-2c33b32cf175 runid=ed1de13037eb1bcfeefc20d46af38743bdac68e6 read=17450 ch=17 start_time=2020-02-10T18:05:27Z flow_cell_id=ACE547 protocol_group_id=barcode_test sample_id=barcodes_fish H+(2,11),h-(2,-1) w1 H+(2,11),h-(2,-1) w1
321	dc1b869a-d12f-4d35-aed8-2683f06ced87 runid=ed1de13037eb1bcfeefc20d46af38743bdac68e6 read=22185 ch=106 start_time=2020-02-10T18:40:38Z flow_cell_id=ACE547 protocol_group_id=barcode_test sample_id=barcodes_fish h-(1),h+(1) w1 h-(1),h+(1) w1
321	75bcc4e7-1171-44bb-8fc8-8e880dadb96d runid=ed1de13037eb1bcfeefc20d46af38743bdac68e6 read=11423 ch=4 start_time=2020-02-10T17:19:27Z flow_cell_id=ACE547 protocol_group_id=barcode_test sample_id=barcodes_fish h-(3),h+(0) w1 h-(3),h+(0) w1
321	4fc8d147-68fa-4d73-9f6d-12fca2a28c9f runid=ed1de13037eb1bcfeefc20d46af38743bdac68e6 read=18416 ch=43 start_time=2020-02-10T18:14:22Z flow_cell_id=ACE547 protocol_group_id=barcode_test sample_id=barcodes_fish H-(0,11),H+(2,11) w1 H-(0,11),H+(2,11) w1
321	ffdd1ec6-a5a3-44bd-825a-946cacd0e57f runid=ed1de13037eb1bcfeefc20d46af38743bdac68e6 read=31194 ch=90 start_time=2020-02-10T20:10:21Z flow_cell_id=ACE547 protocol_group_id=barcode_test sample_id=barcodes_fish H-(3,10),h+(0,-1) w1 H-(3,10),h+(0,-1) w1
321	6bad75e5-8879-4ada-8796-1de4ec048934 runid=ed1de13037eb1bcfeefc20d46af38743bdac68e6 read=33451 ch=31 start_time=2020-02-10T20:55:39Z flow_cell_id=ACE547 protocol_group_id=barcode_test sample_id=barcodes_fish h-(2),h+(1) w1 h-(2),h+(1) w1
321	9e09c7e0-154f-4fac-a301-172546b844dc runid=ed1de13037eb1bcfeefc20d46af38743bdac68e6 read=15150 ch=35 start_time=2020-02-10T19:27:55Z flow_cell_id=ACE547 protocol_group_id=barcode_test sample_id=barcodes_fish h-(3),h+(2) w1 h-(3),h+(2) w1
321	c5ea9983-7f24-4437-8ce6-73acd6e04bcf runid=ed1de13037eb1bcfeefc20d46af38743bdac68e6 read=39125 ch=81 start_time=2020-02-10T21:08:55Z flow_cell_id=ACE547 protocol_group_id=barcode_test sample_id=barcodes_fish h-(3),h+(1) w1 h-(3),h+(1) w1
321	de3b485b-720f-410b-a7ea-bb03ecabf9d6 runid=ed1de13037eb1bcfeefc20d46af38743bdac68e6 read=15498 ch=53 start_time=2020-02-10T17:43:43Z flow_cell_id=ACE547 protocol_group_id=barcode_test sample_id=barcodes_fish h-(2),h+(2) w1 h-(2),h+(2) w1
321	5dfe6f3d-f096-495e-9b83-fd1de4a95930 runid=ed1de13037eb1bcfeefc20d46af38743bdac68e6 read=28230 ch=103 start_time=2020-02-10T19:41:59Z flow_cell_id=ACE547 protocol_group_id=barcode_test sample_id=barcodes_fish h-(3),h+(3) w1 h-(3),h+(3) w1
321	c3103dc4-6902-4217-b6c0-ad55dda9c24b runid=ed1de13037eb1bcfeefc20d46af38743bdac68e6 read=18628 ch=58 start_time=2020-02-10T18:31:24Z flow_cell_id=ACE547 protocol_group_id=barcode_test sample_id=barcodes_fish h-(0),h+(3) w1 h-(0),h+(3) w1
321	3aecac08-9c3d-43af-a127-5207c043394a runid=ed1de13037eb1bcfeefc20d46af38743bdac68e6 read=2771 ch=32 start_time=2020-02-10T15:55:31Z flow_cell_id=ACE547 protocol_group_id=barcode_test sample_id=barcodes_fish h-(2),h+(1) w1 h-(2),h+(1) w1
321	0da4e313-b726-469a-bdd9-0b18fb247bab runid=ed1de13037eb1bcfeefc20d46af38743bdac68e6 read=26911 ch=68 start_time=2020-02-10T19:46:14Z flow_cell_id=ACE547 protocol_group_id=barcode_test sample_id=barcodes_fish H-(0,8),h+(1,-1) w1 H-(0,8),h+(1,-1) w1
321	00d7300a-f932-4c42-87fa-14fcb3897a60 runid=ed1de13037eb1bcfeefc20d46af38743bdac68e6 read=28695 ch=8 start_time=2020-02-10T19:39:01Z flow_cell_id=ACE547 protocol_group_id=barcode_test sample_id=barcodes_fish h-(1),h+(2) w1 h-(1),h+(2) w1
321	c9f35245-bc49-422c-9676-e65583262902 runid=ed1de13037eb1bcfeefc20d46af38743bdac68e6 read=38076 ch=94 start_time=2020-02-10T21:07:02Z flow_cell_id=ACE547 protocol_group_id=barcode_test sample_id=barcodes_fish h-(3),h+(3) w1 h-(3),h+(3) w1
321	404049c3-8921-4503-bce2-6e56065dd79c runid=ed1de13037eb1bcfeefc20d46af38743bdac68e6 read=34316 ch=58 start_time=2020-02-10T21:04:30Z flow_cell_id=ACE547 protocol_group_id=barcode_test sample_id=barcodes_fish h-(3),h+(1) w1 h-(3),h+(1) w1
321	f11450c1-229d-4768-97c0-1cb2538f34b7 runid=ed1de13037eb1bcfeefc20d46af38743bdac68e6 read=24089 ch=94 start_time=2020-02-10T18:56:11Z flow_cell_id=ACE547 protocol_group_id=barcode_test sample_id=barcodes_fish H-(0,7),h+(1,-1) w1 H-(0,7),h+(1,-1) w1
321	d34bc5d5-b780-475b-a6ab-01a7c6148cdb runid=ed1de13037eb1bcfeefc20d46af38743bdac68e6 read=15471 ch=17 start_time=2020-02-10T17:47:25Z flow_cell_id=ACE547 protocol_group_id=barcode_test sample_id=barcodes_fish H-(1,8),H+(1,11) w1 H-(1,8),H+(1,11) w1
321	67d65b13-3713-496b-b4c2-4732d036a78d runid=ed1de13037eb1bcfeefc20d46af38743bdac68e6 read=35864 ch=104 start_time=2020-02-10T19:54:56Z flow_cell_id=ACE547 protocol_group_id=barcode_test sample_id=barcodes_fish h-(3),h+(2) w1 h-(3),h+(2) w1
321	88316523-bf6f-495a-b294-db2915066eb8 runid=ed1de13037eb1bcfeefc20d46af38743bdac68e6 read=35736 ch=8 start_time=2020-02-10T20:41:28Z flow_cell_id=ACE547 protocol_group_id=barcode_test sample_id=barcodes_fish H-(0,10),h+(3,-1) w1 H-(0,10),h+(3,-1) w1
321	1e0455a6-23f3-480d-b330-b00904290b20 runid=ed1de13037eb1bcfeefc20d46af38743bdac68e6 read=16893 ch=89 start_time=2020-02-10T17:58:11Z flow_cell_id=ACE547 protocol_group_id=barcode_test sample_id=barcodes_fish H-(1,10),h+(1,-1) w1 H-(1,10),h+(1,-1) w1
321	14877c39-9164-4a8e-a1d5-acafeb145732 runid=ed1de13037eb1bcfeefc20d46af38743bdac68e6 read=19807 ch=34 start_time=2020-02-10T18:20:47Z flow_cell_id=ACE547 protocol_group_id=barcode_test sample_id=barcodes_fish H-(3,10),h+(2,-1) w1 H-(3,10),h+(2,-1) w1
321	6b787126-50ed-45a7-a4a6-535188ca195f runid=ed1de13037eb1bcfeefc20d46af38743bdac68e6 read=19780 ch=84 start_time=2020-02-10T19:47:56Z flow_cell_id=ACE547 protocol_group_id=barcode_test sample_id=barcodes_fish h-(2),h+(1) w1 h-(2),h+(1) w1
321	4a36590a-7570-4e6d-9e78-c82c3c01872b runid=ed1de13037eb1bcfeefc20d46af38743bdac68e6 read=30169 ch=124 start_time=2020-02-10T20:13:50Z flow_cell_id=ACE547 protocol_group_id=barcode_test sample_id=barcodes_fish h-(1),h+(1) w1 h-(1),h+(1) w1
321	d642f60d-0721-4dde-bcab-18348beb88af runid=ed1de13037eb1bcfeefc20d46af38743bdac68e6 read=29622 ch=30 start_time=2020-02-10T19:44:17Z flow_cell_id=ACE547 protocol_group_id=barcode_test sample_id=barcodes_fish h-(2),h+(2) w1 h-(2),h+(2) w1
240	e3d31ec0-65b8-4e40-b5dd-4f1e78986af3 runid=ed1de13037eb1bcfeefc20d46af38743bdac68e6 read=12299 ch=60 start_time=2020-02-10T17:15:43Z flow_cell_id=ACE547 protocol_group_id=barcode_test sample_id=barcodes_fish H-(1,10),H+(0,11) w1 H-(1,10),H+(0,11) w1
240	d16c486a-dc23-4198-a2e7-56ec60059193 runid=ed1de13037eb1bcfeefc20d46af38743bdac68e6 read=18019 ch=32 start_time=2020-02-10T18:00:14Z flow_cell_id=ACE547 protocol_group_id=barcode_test sample_id=barcodes_fish H-(1,11),H+(1,8) w1 H-(1,11),H+(1,8) w1
240	da7e146d-c1ab-4926-a29e-aa4dda390eac runid=ed1de13037eb1bcfeefc20d46af38743bdac68e6 read=19361 ch=89 start_time=2020-02-10T18:20:01Z flow_cell_id=ACE547 protocol_group_id=barcode_test sample_id=barcodes_fish H-(3,10),H+(3,10) w1 H-(3,10),H+(3,10) w1
240	651e8766-599b-404b-afeb-43afef0b10a9 runid=ed1de13037eb1bcfeefc20d46af38743bdac68e6 read=13529 ch=61 start_time=2020-02-10T17:28:19Z flow_cell_id=ACE547 protocol_group_id=barcode_test sample_id=barcodes_fish H-(1,9),H+(1,10) w1 H-(1,9),H+(1,10) w1
240	9a875fce-01e1-45fb-b02b-9a1be6f669ee runid=ed1de13037eb1bcfeefc20d46af38743bdac68e6 read=14715 ch=41 start_time=2020-02-10T17:42:31Z flow_cell_id=ACE547 protocol_group_id=barcode_test sample_id=barcodes_fish H-(3,8),h+(1,-1) w1 H-(3,8),h+(1,-1) w1
240	14151d36-a167-41dd-81b5-ec592c15574f runid=ed1de13037eb1bcfeefc20d46af38743bdac68e6 read=25368 ch=25 start_time=2020-02-10T19:03:58Z flow_cell_id=ACE547 protocol_group_id=barcode_test sample_id=barcodes_fish H-(0,9),H+(1,11) w1 H-(0,9),H+(1,11) w1
240	0f8a50f3-3515-4953-adaf-1ffb4eef252a runid=ed1de13037eb1bcfeefc20d46af38743bdac68e6 read=3659 ch=66 start_time=2020-02-10T16:00:09Z flow_cell_id=ACE547 protocol_group_id=barcode_test sample_id=barcodes_fish H-(3,10),H+(0,9) w1 H-(3,10),H+(0,9) w1
240	8dda894b-bb57-49e0-9d22-311921572440 runid=ed1de13037eb1bcfeefc20d46af38743bdac68e6 read=22068 ch=25 start_time=2020-02-10T18:32:50Z flow_cell_id=ACE547 protocol_group_id=barcode_test sample_id=barcodes_fish h-(0),h+(2) w1 h-(0),h+(2) w1
240	16a6599c-b460-47bd-8635-6fff8699659d runid=ed1de13037eb1bcfeefc20d46af38743bdac68e6 read=25846 ch=7 start_time=2020-02-10T19:26:52Z flow_cell_id=ACE547 protocol_group_id=barcode_test sample_id=barcodes_fish H-(2,7),h+(0,-1) w1 H-(2,7),h+(0,-1) w1
240	021f1e3d-64ab-4710-b332-1609102ef6a4 runid=ed1de13037eb1bcfeefc20d46af38743bdac68e6 read=29192 ch=96 start_time=2020-02-10T19:18:08Z flow_cell_id=ACE547 protocol_group_id=barcode_test sample_id=barcodes_fish H-(2,11),H+(1,8) w1 H-(2,11),H+(1,8) w1
240	9cffdf67-f6a8-436e-8f86-e30bd1882543 runid=ed1de13037eb1bcfeefc20d46af38743bdac68e6 read=21161 ch=7 start_time=2020-02-10T18:39:38Z flow_cell_id=ACE547 protocol_group_id=barcode_test sample_id=barcodes_fish H-(3,8),H+(2,11) w1 H-(3,8),H+(2,11) w1
240	1e4a9f8f-d31e-4672-a647-58cc167a9311 runid=ed1de13037eb1bcfeefc20d46af38743bdac68e6 read=16319 ch=66 start_time=2020-02-10T17:42:55Z flow_cell_id=ACE547 protocol_group_id=barcode_test sample_id=barcodes_fish H-(3,11),h+(2,-1) w1 H-(3,11),h+(2,-1) w1
240	37990960-4a1d-4450-a411-b92532505dfe runid=ed1de13037eb1bcfeefc20d46af38743bdac68e6 read=23339 ch=95 start_time=2020-02-10T18:51:44Z flow_cell_id=ACE547 protocol_group_id=barcode_test sample_id=barcodes_fish H-(3,8),H+(3,10) w1 H-(3,8),H+(3,10) w1
240	724ec88c-968a-4c14-8449-da0a4c54ce97 runid=ed1de13037eb1bcfeefc20d46af38743bdac68e6 read=20412 ch=43 start_time=2020-02-10T18:33:40Z flow_cell_id=ACE547 protocol_group_id=barcode_test sample_id=barcodes_fish h-(3),h+(3) w1 h-(3),h+(3) w1
240	425233ee-3c96-4d24-bfa6-439963facfdf runid=ed1de13037eb1bcfeefc20d46af38743bdac68e6 read=27987 ch=32 start_time=2020-02-10T19:29:07Z flow_cell_id=ACE547 protocol_group_id=barcode_test sample_id=barcodes_fish h-(1),h+(1) w1 h-(1),h+(1) w1
240	b6669cf6-057f-47f3-8d37-4c32d1d7b98f runid=ed1de13037eb1bcfeefc20d46af38743bdac68e6 read=22973 ch=89 start_time=2020-02-10T19:00:14Z flow_cell_id=ACE547 protocol_group_id=barcode_test sample_id=barcodes_fish H-(1,10),H+(3,11) w1 H-(1,10),H+(3,11) w1
240	9019a3bd-ba09-4f36-b3d9-a6b589d56f5b runid=ed1de13037eb1bcfeefc20d46af38743bdac68e6 read=19604 ch=8 start_time=2020-02-10T18:16:02Z flow_cell_id=ACE547 protocol_group_id=barcode_test sample_id=barcodes_fish H-(3,9),h+(3,-1) w1 H-(3,9),h+(3,-1) w1
240	691b89ae-b4eb-4aaa-a202-fee346c2605a runid=ed1de13037eb1bcfeefc20d46af38743bdac68e6 read=2255 ch=31 start_time=2020-02-10T15:51:16Z flow_cell_id=ACE547 protocol_group_id=barcode_test sample_id=barcodes_fish H-(3,10),h+(2,-1) w1 H-(3,10),h+(2,-1) w1
240	2e7363bb-e753-48af-a8eb-fd5af2dd52c7 runid=ed1de13037eb1bcfeefc20d46af38743bdac68e6 read=35793 ch=105 start_time=2020-02-10T20:36:50Z flow_cell_id=ACE547 protocol_group_id=barcode_test sample_id=barcodes_fish H-(1,11),h+(1,-1) w1 H-(1,11),h+(1,-1) w1
240	1e231e31-b79d-4681-b515-78aebb883f62 runid=ed1de13037eb1bcfeefc20d46af38743bdac68e6 read=3261 ch=14 start_time=2020-02-10T15:57:53Z flow_cell_id=ACE547 protocol_group_id=barcode_test sample_id=barcodes_fish H-(0,11),H+(2,11) w1 H-(0,11),H+(2,11) w1
240	a584231f-fd9a-479c-8ffa-7c7cb571286b runid=ed1de13037eb1bcfeefc20d46af38743bdac68e6 read=27025 ch=104 start_time=2020-02-10T18:41:54Z flow_cell_id=ACE547 protocol_group_id=barcode_test sample_id=barcodes_fish H-(3,5),H+(3,10) w1 H-(3,5),H+(3,10) w1
240	3eb3ec91-cc12-4dd7-8aff-3bc129bc9903 runid=ed1de13037eb1bcfeefc20d46af38743bdac68e6 read=22955 ch=40 start_time=2020-02-10T20:20:47Z flow_cell_id=ACE547 protocol_group_id=barcode_test sample_id=barcodes_fish h-(3),h+(0) w1 h-(3),h+(0) w1
240	1b134c1b-27e5-449e-9be5-279a06bcd802 runid=ed1de13037eb1bcfeefc20d46af38743bdac68e6 read=26514 ch=61 start_time=2020-02-10T19:29:32Z flow_cell_id=ACE547 protocol_group_id=barcode_test sample_id=barcodes_fish h-(2),h+(0) w1 h-(2),h+(0) w1
71	c9907256-aec0-4de0-9a31-278cdab87c94 runid=ed1de13037eb1bcfeefc20d46af38743bdac68e6 read=18210 ch=105 start_time=2020-02-10T17:57:47Z flow_cell_id=ACE547 protocol_group_id=barcode_test sample_id=barcodes_fish H+(1,7),h-(1,-1) w1 H+(1,7),h-(1,-1) w1
71	21ffa8b7-0a31-47eb-bd92-9d0008784929 runid=ed1de13037eb1bcfeefc20d46af38743bdac68e6 read=2452 ch=21 start_time=2020-02-10T15:53:44Z flow_cell_id=ACE547 protocol_group_id=barcode_test sample_id=barcodes_fish H+(3,8),H-(3,8) w1 H+(3,8),H-(3,8) w1
71	26efa5e8-8fd4-4ebe-8f94-ea5d734895e8 runid=ed1de13037eb1bcfeefc20d46af38743bdac68e6 read=26555 ch=9 start_time=2020-02-10T20:07:38Z flow_cell_id=ACE547 protocol_group_id=barcode_test sample_id=barcodes_fish H+(3,10),H-(1,9) w1 H+(3,10),H-(1,9) w1
71	4155e0d2-2f4b-4684-a811-98d22cc65647 runid=ed1de13037eb1bcfeefc20d46af38743bdac68e6 read=26589 ch=96 start_time=2020-02-10T18:53:57Z flow_cell_id=ACE547 protocol_group_id=barcode_test sample_id=barcodes_fish h+(3),h-(2) w1 h+(3),h-(2) w1
71	28f73115-2eee-4941-996b-2d5eef2b8e18 runid=ed1de13037eb1bcfeefc20d46af38743bdac68e6 read=14503 ch=29 start_time=2020-02-10T17:42:25Z flow_cell_id=ACE547 protocol_group_id=barcode_test sample_id=barcodes_fish h+(2),h-(1) w1 h+(2),h-(1) w1
71	cd357503-dc51-4052-9f72-49cf879d0ff9 runid=ed1de13037eb1bcfeefc20d46af38743bdac68e6 read=32051 ch=43 start_time=2020-02-10T20:23:36Z flow_cell_id=ACE547 protocol_group_id=barcode_test sample_id=barcodes_fish H+(2,8),H-(1,11) w1 H+(2,8),H-(1,11) w1
71	d6c71961-9635-4e2d-b502-94a051ccda34 runid=ed1de13037eb1bcfeefc20d46af38743bdac68e6 read=27372 ch=94 start_time=2020-02-10T19:28:30Z flow_cell_id=ACE547 protocol_group_id=barcode_test sample_id=barcodes_fish H+(2,10),h-(3,-1) w1 H+(2,10),h-(3,-1) w1
71	c8977d91-33b4-4ebc-829c-f4346b9b3a10 runid=ed1de13037eb1bcfeefc20d46af38743bdac68e6 read=2197 ch=110 start_time=2020-02-10T15:49:24Z flow_cell_id=ACE547 protocol_group_id=barcode_test sample_id=barcodes_fish H+(1,11),h-(2,-1) w1 H+(1,11),h-(2,-1) w1
71	dfcad127-14b5-476d-974d-d6c8ca462735 runid=ed1de13037eb1bcfeefc20d46af38743bdac68e6 read=18652 ch=61 start_time=2020-02-10T18:08:47Z flow_cell_id=ACE547 protocol_group_id=barcode_test sample_id=barcodes_fish H+(2,11),h-(0,-1) w1 H+(2,11),h-(0,-1) w1
71	8ffe210e-c6ba-4b00-a2cb-4b39ade684cb runid=ed1de13037eb1bcfeefc20d46af38743bdac68e6 read=18744 ch=122 start_time=2020-02-10T19:39:15Z flow_cell_id=ACE547 protocol_group_id=barcode_test sample_id=barcodes_fish H+(3,9),H-(3,11) w1 H+(3,9),H-(3,11) w1
71	0ea033c2-364f-46aa-b9f0-9b83914aa52d runid=ed1de13037eb1bcfeefc20d46af38743bdac68e6 read=15201 ch=93 start_time=2020-02-10T17:41:55Z flow_cell_id=ACE547 protocol_group_id=barcode_test sample_id=barcodes_fish h+(1),h-(2) w1 h+(1),h-(2) w1
71	c133c1eb-6f80-44e4-a20a-6de4f7d829b5 runid=ed1de13037eb1bcfeefc20d46af38743bdac68e6 read=23481 ch=17 start_time=2020-02-10T19:02:45Z flow_cell_id=ACE547 protocol_group_id=barcode_test sample_id=barcodes_fish h+(3),h-(1) w1 h+(3),h-(1) w1
71	682fc11c-9ab1-4437-b30b-af270741c6fa runid=ed1de13037eb1bcfeefc20d46af38743bdac68e6 read=38010 ch=96 start_time=2020-02-10T20:37:21Z flow_cell_id=ACE547 protocol_group_id=barcode_test sample_id=barcodes_fish H+(0,9),h-(3,-1) w1 H+(0,9),h-(3,-1) w1
71	cbeaef43-d158-4ff7-a93b-fdcea4e2d687 runid=ed1de13037eb1bcfeefc20d46af38743bdac68e6 read=3259 ch=124 start_time=2020-02-10T15:59:38Z flow_cell_id=ACE547 protocol_group_id=barcode_test sample_id=barcodes_fish H+(2,9),H-(2,8) w1 H+(2,9),H-(2,8) w1
71	8977222a-2ab9-409b-a1cd-396f6968462d runid=ed1de13037eb1bcfeefc20d46af38743bdac68e6 read=11835 ch=89 start_time=2020-02-10T17:14:25Z flow_cell_id=ACE547 protocol_group_id=barcode_test sample_id=barcodes_fish H+(3,8),h-(3,-1) w1 H+(3,8),h-(3,-1) w1
71	af7ca1d0-f4a0-42a7-961a-a3e2934575c3 runid=ed1de13037eb1bcfeefc20d46af38743bdac68e6 read=26945 ch=84 start_time=2020-02-10T20:50:55Z flow_cell_id=ACE547 protocol_group_id=barcode_test sample_id=barcodes_fish H+(0,8),H-(3,9) w1 H+(0,8),H-(3,9) w1
71	be87e457-047c-4adb-be56-6e5a2f284cd7 runid=ed1de13037eb1bcfeefc20d46af38743bdac68e6 read=15965 ch=121 start_time=2020-02-10T17:51:41Z flow_cell_id=ACE547 protocol_group_id=barcode_test sample_id=barcodes_fish h+(1),h-(2) w1 h+(1),h-(2) w1
71	c59f7b14-8f79-4207-a2b7-cb9670491436 runid=ed1de13037eb1bcfeefc20d46af38743bdac68e6 read=2699 ch=68 start_time=2020-02-10T15:55:13Z flow_cell_id=ACE547 protocol_group_id=barcode_test sample_id=barcodes_fish H+(1,10),h-(3,-1) w1 H+(1,10),h-(3,-1) w1
71	02aa12a7-26b3-45e9-a0dd-f59b08081d01 runid=ed1de13037eb1bcfeefc20d46af38743bdac68e6 read=17478 ch=53 start_time=2020-02-10T18:05:47Z flow_cell_id=ACE547 protocol_group_id=barcode_test sample_id=barcodes_fish h+(3),h-(1) w1 h+(3),h-(1) w1
71	dc525632-611e-4a22-af5a-e5db865c2c6a runid=ed1de13037eb1bcfeefc20d46af38743bdac68e6 read=17142 ch=106 start_time=2020-02-10T17:56:47Z flow_cell_id=ACE547 protocol_group_id=barcode_test sample_id=barcodes_fish H+(3,7),h-(2,-1) w1 H+(3,7),h-(2,-1) w1
71	f135be9a-faed-40fd-8967-9f4266142d25 runid=ed1de13037eb1bcfeefc20d46af38743bdac68e6 read=35218 ch=110 start_time=2020-02-10T20:52:31Z flow_cell_id=ACE547 protocol_group_id=barcode_test sample_id=barcodes_fish H+(1,8),H-(3,10) w1 H+(1,8),H-(3,10) w1
71	9cf33dfd-d173-4ca6-ab72-781f1cb9a690 runid=ed1de13037eb1bcfeefc20d46af38743bdac68e6 read=23456 ch=69 start_time=2020-02-10T18:56:37Z flow_cell_id=ACE547 protocol_group_id=barcode_test sample_id=barcodes_fish H+(2,9),h-(3,-1) w1 H+(2,9),h-(3,-1) w1
108	9871785a-ad5c-42e5-ad64-c930ce89c552 runid=ed1de13037eb1bcfeefc20d46af38743bdac68e6 read=34303 ch=60 start_time=2020-02-10T20:34:51Z flow_cell_id=ACE547 protocol_group_id=barcode_test sample_id=barcodes_fish H+(2,9),h-(1,-1) w1 H+(2,9),h-(1,-1) w1
108	9fa1643f-d152-46dc-b151-12708ba44b89 runid=ed1de13037eb1bcfeefc20d46af38743bdac68e6 read=34092 ch=93 start_time=2020-02-10T20:42:57Z flow_cell_id=ACE547 protocol_group_id=barcode_test sample_id=barcodes_fish H+(0,8),h-(3,-1) w1 H+(0,8),h-(3,-1) w1
108	750aa608-f672-4bc0-b581-1344f8bcadb2 runid=ed1de13037eb1bcfeefc20d46af38743bdac68e6 read=16009 ch=17 start_time=2020-02-10T17:52:14Z flow_cell_id=ACE547 protocol_group_id=barcode_test sample_id=barcodes_fish h+(1),h-(2) w1 h+(1),h-(2) w1
108	9c7cc7d5-e77d-4a4c-8461-865029a02dd4 runid=ed1de13037eb1bcfeefc20d46af38743bdac68e6 read=29919 ch=121 start_time=2020-02-10T20:05:04Z flow_cell_id=ACE547 protocol_group_id=barcode_test sample_id=barcodes_fish H+(1,11),h-(2,-1) w1 H+(1,11),h-(2,-1) w1
108	ece50acf-781d-43e6-85b9-bfe4e5c2956f runid=ed1de13037eb1bcfeefc20d46af38743bdac68e6 read=14921 ch=124 start_time=2020-02-10T17:41:49Z flow_cell_id=ACE547 protocol_group_id=barcode_test sample_id=barcodes_fish H+(1,8),H-(2,10) w1 H+(1,8),H-(2,10) w1
108	c903bd8b-08d4-4ce6-8559-80a8986c397b runid=ed1de13037eb1bcfeefc20d46af38743bdac68e6 read=17144 ch=103 start_time=2020-02-10T17:56:28Z flow_cell_id=ACE547 protocol_group_id=barcode_test sample_id=barcodes_fish H+(3,7),H-(2,11) w1 H+(3,7),H-(2,11) w1
108	7c3e6275-650d-434f-9a8d-760fc2344b7a runid=ed1de13037eb1bcfeefc20d46af38743bdac68e6 read=20137 ch=7 start_time=2020-02-10T18:29:02Z flow_cell_id=ACE547 protocol_group_id=barcode_test sample_id=barcodes_fish H+(3,9),H-(1,11) w1 H+(3,9),H-(1,11) w1
108	5d9c7164-47bc-4e77-843c-1f6ce8e9a7d2 runid=ed1de13037eb1bcfeefc20d46af38743bdac68e6 read=21060 ch=7 start_time=2020-02-10T18:38:36Z flow_cell_id=ACE547 protocol_group_id=barcode_test sample_id=barcodes_fish H+(3,9),h-(2,-1) w1 H+(3,9),h-(2,-1) w1
108	5f56becd-2c44-4aa3-b5fe-c32ced8ba57f runid=ed1de13037eb1bcfeefc20d46af38743bdac68e6 read=21722 ch=35 start_time=2020-02-10T20:23:58Z flow_cell_id=ACE547 protocol_group_id=barcode_test sample_id=barcodes_fish H+(2,9),h-(3,-1) w1 H+(2,9),h-(3,-1) w1
108	ca54f11b-8e77-4968-8a07-154a5cf9ea9f runid=ed1de13037eb1bcfeefc20d46af38743bdac68e6 read=18209 ch=84 start_time=2020-02-10T19:34:46Z flow_cell_id=ACE547 protocol_group_id=barcode_test sample_id=barcodes_fish H+(0,8),h-(3,-1) w1 H+(0,8),h-(3,-1) w1
108	2d35b8c0-9f86-4bbb-aeb5-7d76d3199416 runid=ed1de13037eb1bcfeefc20d46af38743bdac68e6 read=34456 ch=96 start_time=2020-02-10T20:03:36Z flow_cell_id=ACE547 protocol_group_id=barcode_test sample_id=barcodes_fish H+(3,8),h-(1,-1) w1 H+(3,8),h-(1,-1) w1
108	61a62769-fb7e-4338-a66d-04edb7c0418b runid=ed1de13037eb1bcfeefc20d46af38743bdac68e6 read=23004 ch=29 start_time=2020-02-10T18:59:32Z flow_cell_id=ACE547 protocol_group_id=barcode_test sample_id=barcodes_fish H+(1,8),h-(2,-1) w1 H+(1,8),h-(2,-1) w1
108	e79d883a-dcc6-4e8c-bbdb-cb7219ef66c3 runid=ed1de13037eb1bcfeefc20d46af38743bdac68e6 read=18012 ch=17 start_time=2020-02-10T18:10:11Z flow_cell_id=ACE547 protocol_group_id=barcode_test sample_id=barcodes_fish h+(2),h-(1) w1 h+(2),h-(1) w1
108	27bb617a-0c69-43df-b78b-6c7ed6ecc25a runid=ed1de13037eb1bcfeefc20d46af38743bdac68e6 read=1565 ch=90 start_time=2020-02-10T15:46:07Z flow_cell_id=ACE547 protocol_group_id=barcode_test sample_id=barcodes_fish h+(2),h-(2) w1 h+(2),h-(2) w1
108	5ef88236-5edd-4841-8eac-ad0b19d5421d runid=ed1de13037eb1bcfeefc20d46af38743bdac68e6 read=36551 ch=108 start_time=2020-02-10T20:56:27Z flow_cell_id=ACE547 protocol_group_id=barcode_test sample_id=barcodes_fish H+(1,8),H-(2,8) w1 H+(1,8),H-(2,8) w1
108	0e821b74-5672-44e5-b67c-c24cde2e2923 runid=ed1de13037eb1bcfeefc20d46af38743bdac68e6 read=35845 ch=85 start_time=2020-02-10T21:01:32Z flow_cell_id=ACE547 protocol_group_id=barcode_test sample_id=barcodes_fish H+(2,10),h-(1,-1) w1 H+(2,10),h-(1,-1) w1
108	977b202e-2caf-4364-bb55-e8b6e9dc2800 runid=ed1de13037eb1bcfeefc20d46af38743bdac68e6 read=15690 ch=7 start_time=2020-02-10T17:49:52Z flow_cell_id=ACE547 protocol_group_id=barcode_test sample_id=barcodes_fish H+(1,8),H-(3,9) w1 H+(1,8),H-(3,9) w1
108	8a2c2671-cbf7-4804-a8f8-21ec01862553 runid=ed1de13037eb1bcfeefc20d46af38743bdac68e6 read=20020 ch=110 start_time=2020-02-10T18:28:28Z flow_cell_id=ACE547 protocol_group_id=barcode_test sample_id=barcodes_fish h+(3),h-(3) w1 h+(3),h-(3) w1
108	4a7b8501-2c51-463b-a139-4271e6026ecc runid=ed1de13037eb1bcfeefc20d46af38743bdac68e6 read=3198 ch=17 start_time=2020-02-10T15:58:58Z flow_cell_id=ACE547 protocol_group_id=barcode_test sample_id=barcodes_fish H+(2,10),H-(3,11) w1 H+(2,10),H-(3,11) w1
108	2d5bfc3f-4a41-4cb4-ba9d-93cb50ba2e2c runid=ed1de13037eb1bcfeefc20d46af38743bdac68e6 read=2857 ch=94 start_time=2020-02-10T15:55:25Z flow_cell_id=ACE547 protocol_group_id=barcode_test sample_id=barcodes_fish H+(0,8),h-(2,-1) w1 H+(0,8),h-(2,-1) w1
108	9c1b203f-bccd-407b-9566-eb73fbd318f5 runid=ed1de13037eb1bcfeefc20d46af38743bdac68e6 read=23703 ch=26 start_time=2020-02-10T18:48:27Z flow_cell_id=ACE547 protocol_group_id=barcode_test sample_id=barcodes_fish h+(3),h-(2) w1 h+(3),h-(2) w1
366	e3fb312c-9a7a-4498-93fc-7ee2dcdad74e runid=ed1de13037eb1bcfeefc20d46af38743bdac68e6 read=28988 ch=125 start_time=2020-02-10T19:46:56Z flow_cell_id=ACE547 protocol_group_id=barcode_test sample_id=barcodes_fish h-(2),h+(3) w1 h-(2),h+(3) w1
366	6232d9b6-794f-414e-bdfe-8704daec472a runid=ed1de13037eb1bcfeefc20d46af38743bdac68e6 read=12686 ch=26 start_time=2020-02-10T17:19:03Z flow_cell_id=ACE547 protocol_group_id=barcode_test sample_id=barcodes_fish h-(2),h+(1) w1 h-(2),h+(1) w1
366	763f9eed-7196-480e-a280-183426228b3f runid=ed1de13037eb1bcfeefc20d46af38743bdac68e6 read=29611 ch=60 start_time=2020-02-10T19:51:19Z flow_cell_id=ACE547 protocol_group_id=barcode_test sample_id=barcodes_fish h-(2),h+(1) w1 h-(2),h+(1) w1
366	ce75b3d3-1aef-4b17-9577-d9d0fcef0463 runid=ed1de13037eb1bcfeefc20d46af38743bdac68e6 read=36533 ch=110 start_time=2020-02-10T21:03:43Z flow_cell_id=ACE547 protocol_group_id=barcode_test sample_id=barcodes_fish H-(1,11),h+(2,-1) w1 H-(1,11),h+(2,-1) w1
366	da4f46ca-09fe-4d20-a18b-179e6ee20016 runid=ed1de13037eb1bcfeefc20d46af38743bdac68e6 read=35555 ch=17 start_time=2020-02-10T20:57:32Z flow_cell_id=ACE547 protocol_group_id=barcode_test sample_id=barcodes_fish h-(3),h+(3) w1 h-(3),h+(3) w1
366	745defd0-8a7f-4e9b-adf5-a75665674431 runid=ed1de13037eb1bcfeefc20d46af38743bdac68e6 read=20253 ch=38 start_time=2020-02-10T18:13:47Z flow_cell_id=ACE547 protocol_group_id=barcode_test sample_id=barcodes_fish h-(3),h+(2) w1 h-(3),h+(2) w1
366	0f0a7a64-920c-4209-b8df-07a1db4ed812 runid=ed1de13037eb1bcfeefc20d46af38743bdac68e6 read=24389 ch=30 start_time=2020-02-10T18:55:09Z flow_cell_id=ACE547 protocol_group_id=barcode_test sample_id=barcodes_fish h-(3),h+(1) w1 h-(3),h+(1) w1
366	725f63a9-8dad-4715-929e-cb3fad886afa runid=ed1de13037eb1bcfeefc20d46af38743bdac68e6 read=18854 ch=35 start_time=2020-02-10T19:58:55Z flow_cell_id=ACE547 protocol_group_id=barcode_test sample_id=barcodes_fish H-(0,9),H+(0,11) w1 H-(0,9),H+(0,11) w1
366	e80107da-6001-4fea-9e76-1dade6c0edcf runid=ed1de13037eb1bcfeefc20d46af38743bdac68e6 read=16545 ch=105 start_time=2020-02-10T17:44:22Z flow_cell_id=ACE547 protocol_group_id=barcode_test sample_id=barcodes_fish h-(1),h+(3) w1 h-(1),h+(3) w1
366	d3b6482b-e660-48c7-90e9-1d66543cdb76 runid=ed1de13037eb1bcfeefc20d46af38743bdac68e6 read=15235 ch=84 start_time=2020-02-10T19:08:44Z flow_cell_id=ACE547 protocol_group_id=barcode_test sample_id=barcodes_fish H-(0,11),h+(1,-1) w1 H-(0,11),h+(1,-1) w1
366	bac7dabe-d927-42f3-8704-f8cc192ae3a0 runid=ed1de13037eb1bcfeefc20d46af38743bdac68e6 read=22602 ch=116 start_time=2020-02-10T20:45:23Z flow_cell_id=ACE547 protocol_group_id=barcode_test sample_id=barcodes_fish h-(1),h+(1) w1 h-(1),h+(1) w1
366	7c141bee-cf7a-475f-8f07-bf7592e03b97 runid=ed1de13037eb1bcfeefc20d46af38743bdac68e6 read=7083 ch=84 start_time=2020-02-10T17:58:23Z flow_cell_id=ACE547 protocol_group_id=barcode_test sample_id=barcodes_fish H-(3,8),H+(3,11) w1 H-(3,8),H+(3,11) w1
366	734a37ca-77de-4c40-a8fc-3f78d681f641 runid=ed1de13037eb1bcfeefc20d46af38743bdac68e6 read=37137 ch=30 start_time=2020-02-10T20:51:59Z flow_cell_id=ACE547 protocol_group_id=barcode_test sample_id=barcodes_fish H-(0,11),h+(2,-1) w1 H-(0,11),h+(2,-1) w1
366	6301235e-1ef1-47ac-8570-8b8a4443ce27 runid=ed1de13037eb1bcfeefc20d46af38743bdac68e6 read=21261 ch=26 start_time=2020-02-10T18:27:24Z flow_cell_id=ACE547 protocol_group_id=barcode_test sample_id=barcodes_fish h-(2),h+(2) w1 h-(2),h+(2) w1
366	e7567b2e-0de3-431c-b0df-ce3bf9120656 runid=ed1de13037eb1bcfeefc20d46af38743bdac68e6 read=36317 ch=26 start_time=2020-02-10T20:41:50Z flow_cell_id=ACE547 protocol_group_id=barcode_test sample_id=barcodes_fish H-(0,10),h+(3,-1) w1 H-(0,10),h+(3,-1) w1
366	6015220a-7d98-4b40-995a-ac6d11c0eac5 runid=ed1de13037eb1bcfeefc20d46af38743bdac68e6 read=26848 ch=103 start_time=2020-02-10T19:28:34Z flow_cell_id=ACE547 protocol_group_id=barcode_test sample_id=barcodes_fish H-(1,10),h+(1,-1) w1 H-(1,10),h+(1,-1) w1
366	a8d6ba22-594d-478b-bbe8-fe12609f4f02 runid=ed1de13037eb1bcfeefc20d46af38743bdac68e6 read=28716 ch=124 start_time=2020-02-10T19:58:14Z flow_cell_id=ACE547 protocol_group_id=barcode_test sample_id=barcodes_fish H-(2,9),H+(3,8) w1 H-(2,9),H+(3,8) w1
366	f6797010-49c1-48ca-9312-51bf3101596f runid=ed1de13037eb1bcfeefc20d46af38743bdac68e6 read=27673 ch=34 start_time=2020-02-10T19:32:39Z flow_cell_id=ACE547 protocol_group_id=barcode_test sample_id=barcodes_fish h-(3),h+(2) w1 h-(3),h+(2) w1
366	630d2524-5397-46ae-92f1-b32549a15d8c runid=ed1de13037eb1bcfeefc20d46af38743bdac68e6 read=27350 ch=30 start_time=2020-02-10T19:22:20Z flow_cell_id=ACE547 protocol_group_id=barcode_test sample_id=barcodes_fish H-(0,7),H+(2,8) w1 H-(0,7),H+(2,8) w1
366	ffe04e40-4803-48df-b37a-ce38019a6549 runid=ed1de13037eb1bcfeefc20d46af38743bdac68e6 read=31813 ch=104 start_time=2020-02-10T19:21:10Z flow_cell_id=ACE547 protocol_group_id=barcode_test sample_id=barcodes_fish h-(1),h+(2) w1 h-(1),h+(2) w1
366	160b2a18-1ed5-4940-b898-bb82feec2542 runid=ed1de13037eb1bcfeefc20d46af38743bdac68e6 read=37863 ch=104 start_time=2020-02-10T20:12:56Z flow_cell_id=ACE547 protocol_group_id=barcode_test sample_id=barcodes_fish H-(1,10),H+(3,8) w1 H-(1,10),H+(3,8) w1
278	38da298b-0de7-409b-8b31-4cfbc6420bdf runid=ed1de13037eb1bcfeefc20d46af38743bdac68e6 read=1448 ch=46 start_time=2020-02-10T15:44:04Z flow_cell_id=ACE547 protocol_group_id=barcode_test sample_id=barcodes_fish H-(2,9),H+(3,8) w1 H-(2,9),H+(3,8) w1
278	2cd01c76-af2e-46fa-a995-eff7a04698d0 runid=ed1de13037eb1bcfeefc20d46af38743bdac68e6 read=2557 ch=40 start_time=2020-02-10T15:52:54Z flow_cell_id=ACE547 protocol_group_id=barcode_test sample_id=barcodes_fish H-(3,10),H+(1,11) w1 H-(3,10),H+(1,11) w1
278	2aa0db20-cb0c-4688-af4f-c53a1a7d5e42 runid=ed1de13037eb1bcfeefc20d46af38743bdac68e6 read=15727 ch=40 start_time=2020-02-10T17:42:38Z flow_cell_id=ACE547 protocol_group_id=barcode_test sample_id=barcodes_fish H-(2,10),h+(1,-1) w1 H-(2,10),h+(1,-1) w1
278	fca3ff5a-3210-4538-a0fa-f0ce47fa6c78 runid=ed1de13037eb1bcfeefc20d46af38743bdac68e6 read=13655 ch=105 start_time=2020-02-10T17:21:22Z flow_cell_id=ACE547 protocol_group_id=barcode_test sample_id=barcodes_fish H-(2,10),H+(0,11) w1 H-(2,10),H+(0,11) w1
278	b75da865-b606-4f8e-a644-e193b2fb4a3b runid=ed1de13037eb1bcfeefc20d46af38743bdac68e6 read=12387 ch=64 start_time=2020-02-10T17:59:10Z flow_cell_id=ACE547 protocol_group_id=barcode_test sample_id=barcodes_fish H-(1,11),H+(1,9) w1 H-(1,11),H+(1,9) w1
278	46f3ebec-ff24-4aa0-ad2b-98bb54a5b05f runid=ed1de13037eb1bcfeefc20d46af38743bdac68e6 read=36762 ch=106 start_time=2020-02-10T20:53:08Z flow_cell_id=ACE547 protocol_group_id=barcode_test sample_id=barcodes_fish H-(1,9),h+(2,-1) w1 H-(1,9),h+(2,-1) w1
278	e6b624ce-84de-4973-b898-82cbce079316 runid=ed1de13037eb1bcfeefc20d46af38743bdac68e6 read=32370 ch=34 start_time=2020-02-10T20:14:58Z flow_cell_id=ACE547 protocol_group_id=barcode_test sample_id=barcodes_fish h-(3),h+(3) w1 h-(3),h+(3) w1
278	cf8dfceb-1caa-404f-a6cc-fea576fca769 runid=ed1de13037eb1bcfeefc20d46af38743bdac68e6 read=18821 ch=53 start_time=2020-02-10T18:17:43Z flow_cell_id=ACE547 protocol_group_id=barcode_test sample_id=barcodes_fish h-(1),h+(1) w1 h-(1),h+(1) w1
278	432d75cb-645e-4d9a-a83e-3344ab107a13 runid=ed1de13037eb1bcfeefc20d46af38743bdac68e6 read=30518 ch=106 start_time=2020-02-10T19:55:29Z flow_cell_id=ACE547 protocol_group_id=barcode_test sample_id=barcodes_fish H-(3,9),H+(2,11) w1 H-(3,9),H+(2,11) w1
278	8fdd5805-4e54-44b2-afb2-6f64d73a5bb5 runid=ed1de13037eb1bcfeefc20d46af38743bdac68e6 read=24995 ch=84 start_time=2020-02-10T20:33:54Z flow_cell_id=ACE547 protocol_group_id=barcode_test sample_id=barcodes_fish H-(2,6),h+(1,-1) w1 H-(2,6),h+(1,-1) w1
278	630e33c4-f93c-4fca-9cb2-e51a8f2aebdb runid=ed1de13037eb1bcfeefc20d46af38743bdac68e6 read=15469 ch=85 start_time=2020-02-10T17:46:38Z flow_cell_id=ACE547 protocol_group_id=barcode_test sample_id=barcodes_fish h-(1),h+(0) w1 h-(1),h+(0) w1
278	a593737a-df03-4b44-ae51-4f01625d54b1 runid=ed1de13037eb1bcfeefc20d46af38743bdac68e6 read=14868 ch=122 start_time=2020-02-10T19:02:48Z flow_cell_id=ACE547 protocol_group_id=barcode_test sample_id=barcodes_fish H-(1,11),H+(2,10) w1 H-(1,11),H+(2,10) w1
278	c87f4727-fdac-45dd-8242-ba70aaa21ca0 runid=ed1de13037eb1bcfeefc20d46af38743bdac68e6 read=36379 ch=106 start_time=2020-02-10T20:49:51Z flow_cell_id=ACE547 protocol_group_id=barcode_test sample_id=barcodes_fish h-(1),h+(3) w1 h-(1),h+(3) w1
278	117278c2-abdb-46be-9b67-949eefb25f65 runid=ed1de13037eb1bcfeefc20d46af38743bdac68e6 read=21287 ch=17 start_time=2020-02-10T18:41:17Z flow_cell_id=ACE547 protocol_group_id=barcode_test sample_id=barcodes_fish h-(1),h+(2) w1 h-(1),h+(2) w1
278	8421a344-5caa-4b8d-b998-c6d18a22a251 runid=ed1de13037eb1bcfeefc20d46af38743bdac68e6 read=26829 ch=45 start_time=2020-02-10T19:32:52Z flow_cell_id=ACE547 protocol_group_id=barcode_test sample_id=barcodes_fish H-(2,9),H+(3,9) w1 H-(2,9),H+(3,9) w1
278	de83493e-a2e1-4dd4-8d2a-ffb0fa177346 runid=ed1de13037eb1bcfeefc20d46af38743bdac68e6 read=13346 ch=60 start_time=2020-02-10T17:24:24Z flow_cell_id=ACE547 protocol_group_id=barcode_test sample_id=barcodes_fish H-(3,9),h+(1,-1) w1 H-(3,9),h+(1,-1) w1
278	e256c6d4-9fff-47a2-8537-d40383e9cc84 runid=ed1de13037eb1bcfeefc20d46af38743bdac68e6 read=26589 ch=7 start_time=2020-02-10T19:34:29Z flow_cell_id=ACE547 protocol_group_id=barcode_test sample_id=barcodes_fish H-(1,10),H+(0,10) w1 H-(1,10),H+(0,10) w1
278	80104ec7-6220-4153-9c99-0e8aa3abe0fb runid=ed1de13037eb1bcfeefc20d46af38743bdac68e6 read=18600 ch=124 start_time=2020-02-10T18:16:20Z flow_cell_id=ACE547 protocol_group_id=barcode_test sample_id=barcodes_fish H-(3,11),H+(2,11) w1 H-(3,11),H+(2,11) w1
278	6f9dae51-776f-44b6-b453-dd715803c37f runid=ed1de13037eb1bcfeefc20d46af38743bdac68e6 read=9947 ch=9 start_time=2020-02-10T17:36:43Z flow_cell_id=ACE547 protocol_group_id=barcode_test sample_id=barcodes_fish H-(2,9),H+(1,10) w1 H-(2,9),H+(1,10) w1
278	3dac6947-1329-42ac-b113-35541f772253 runid=ed1de13037eb1bcfeefc20d46af38743bdac68e6 read=19366 ch=71 start_time=2020-02-10T18:39:47Z flow_cell_id=ACE547 protocol_group_id=barcode_test sample_id=barcodes_fish h-(0),h+(0) w1 h-(0),h+(0) w1
196	98ed8efc-afb6-4ae0-a605-1aad70392cb6 runid=ed1de13037eb1bcfeefc20d46af38743bdac68e6 read=19203 ch=40 start_time=2020-02-10T18:11:26Z flow_cell_id=ACE547 protocol_group_id=barcode_test sample_id=barcodes_fish H-(1,10),h+(2,-1) w1 H-(1,10),h+(2,-1) w1
196	a6eee50d-0cbf-4779-a596-dbaff4ef4a0a runid=ed1de13037eb1bcfeefc20d46af38743bdac68e6 read=24769 ch=108 start_time=2020-02-10T19:10:26Z flow_cell_id=ACE547 protocol_group_id=barcode_test sample_id=barcodes_fish H-(1,11),H+(2,6) w1 H-(1,11),H+(2,6) w1
196	44783cda-a94c-45b3-bea4-b44a1e009a40 runid=ed1de13037eb1bcfeefc20d46af38743bdac68e6 read=16719 ch=105 start_time=2020-02-10T17:45:29Z flow_cell_id=ACE547 protocol_group_id=barcode_test sample_id=barcodes_fish h-(1),h+(3) w1 h-(1),h+(3) w1
196	29174cae-fd50-4ff1-833e-f01286a20826 runid=ed1de13037eb1bcfeefc20d46af38743bdac68e6 read=16016 ch=104 start_time=2020-02-10T17:23:50Z flow_cell_id=ACE547 protocol_group_id=barcode_test sample_id=barcodes_fish H-(0,10),h+(1,-1) w1 H-(0,10),h+(1,-1) w1
196	f51d7aa7-b242-4e67-a4b7-2e5db0b3498b runid=ed1de13037eb1bcfeefc20d46af38743bdac68e6 read=32760 ch=17 start_time=2020-02-10T20:31:11Z flow_cell_id=ACE547 protocol_group_id=barcode_test sample_id=barcodes_fish h-(3),h+(1) w1 h-(3),h+(1) w1
196	bc931e03-a389-4986-9f96-72b615a0b2e6 runid=ed1de13037eb1bcfeefc20d46af38743bdac68e6 read=14605 ch=41 start_time=2020-02-10T17:41:34Z flow_cell_id=ACE547 protocol_group_id=barcode_test sample_id=barcodes_fish h-(3),h+(1) w1 h-(3),h+(1) w1
196	69b5a3f5-f82b-437f-abb0-4f44add97221 runid=ed1de13037eb1bcfeefc20d46af38743bdac68e6 read=6159 ch=122 start_time=2020-02-10T17:51:26Z flow_cell_id=ACE547 protocol_group_id=barcode_test sample_id=barcodes_fish H-(2,9),H+(1,8) w1 H-(2,9),H+(1,8) w1
196	9125a9bb-9ade-4901-9171-a447b2c3d728 runid=ed1de13037eb1bcfeefc20d46af38743bdac68e6 read=16179 ch=17 start_time=2020-02-10T17:54:05Z flow_cell_id=ACE547 protocol_group_id=barcode_test sample_id=barcodes_fish h-(1),h+(3) w1 h-(1),h+(3) w1
196	062896ef-8e17-442a-9ce1-00d7374bd7f9 runid=ed1de13037eb1bcfeefc20d46af38743bdac68e6 read=4054 ch=35 start_time=2020-02-10T17:35:49Z flow_cell_id=ACE547 protocol_group_id=barcode_test sample_id=barcodes_fish H-(3,7),H+(2,10) w1 H-(3,7),H+(2,10) w1
196	316de152-fe10-4d10-9b24-c4830254ebb7 runid=ed1de13037eb1bcfeefc20d46af38743bdac68e6 read=18641 ch=105 start_time=2020-02-10T18:01:25Z flow_cell_id=ACE547 protocol_group_id=barcode_test sample_id=barcodes_fish H-(2,9),h+(1,-1) w1 H-(2,9),h+(1,-1) w1
196	0e28cf3c-d817-4d34-b7eb-0482834d945a runid=ed1de13037eb1bcfeefc20d46af38743bdac68e6 read=14056 ch=108 start_time=2020-02-10T17:33:29Z flow_cell_id=ACE547 protocol_group_id=barcode_test sample_id=barcodes_fish h-(2),h+(0) w1 h-(2),h+(0) w1
196	c7bc9bb6-8614-44dd-8c6b-0f61f2a32a48 runid=ed1de13037eb1bcfeefc20d46af38743bdac68e6 read=30175 ch=69 start_time=2020-02-10T19:59:17Z flow_cell_id=ACE547 protocol_group_id=barcode_test sample_id=barcodes_fish h-(3),h+(2) w1 h-(3),h+(2) w1
196	d728644d-f53e-44d9-8cdb-f12d7d90ed39 runid=ed1de13037eb1bcfeefc20d46af38743bdac68e6 read=22780 ch=94 start_time=2020-02-10T18:44:36Z flow_cell_id=ACE547 protocol_group_id=barcode_test sample_id=barcodes_fish H-(3,10),H+(3,7) w1 H-(3,10),H+(3,7) w1
196	12b796bd-0cff-4c31-8c84-5a800f617bdf runid=ed1de13037eb1bcfeefc20d46af38743bdac68e6 read=28610 ch=122 start_time=2020-02-10T21:03:36Z flow_cell_id=ACE547 protocol_group_id=barcode_test sample_id=barcodes_fish H-(1,8),h+(2,-1) w1 H-(1,8),h+(2,-1) w1
196	302ac6c1-c707-4247-b027-c10486314f40 runid=ed1de13037eb1bcfeefc20d46af38743bdac68e6 read=58 ch=4 start_time=2020-02-10T15:33:33Z flow_cell_id=ACE547 protocol_group_id=barcode_test sample_id=barcodes_fish h-(0),h+(3) w1 h-(0),h+(3) w1
196	361caf63-1921-4a84-8841-29dbdb745abc runid=ed1de13037eb1bcfeefc20d46af38743bdac68e6 read=32171 ch=29 start_time=2020-02-10T20:24:25Z flow_cell_id=ACE547 protocol_group_id=barcode_test sample_id=barcodes_fish H-(1,9),h+(0,-1) w1 H-(1,9),h+(0,-1) w1
196	ffd45363-bece-4ca5-bc85-563a63e84715 runid=ed1de13037eb1bcfeefc20d46af38743bdac68e6 read=35861 ch=96 start_time=2020-02-10T20:17:40Z flow_cell_id=ACE547 protocol_group_id=barcode_test sample_id=barcodes_fish h-(2),h+(2) w1 h-(2),h+(2) w1
196	78294fac-7b1f-4dd6-ae98-ecfb4a75a11a runid=ed1de13037eb1bcfeefc20d46af38743bdac68e6 read=33601 ch=108 start_time=2020-02-10T20:29:50Z flow_cell_id=ACE547 protocol_group_id=barcode_test sample_id=barcodes_fish H-(3,10),H+(1,10) w1 H-(3,10),H+(1,10) w1
154	9f99e6f0-d11d-470f-8148-1e236faa5bcf runid=ed1de13037eb1bcfeefc20d46af38743bdac68e6 read=23198 ch=103 start_time=2020-02-10T18:51:31Z flow_cell_id=ACE547 protocol_group_id=barcode_test sample_id=barcodes_fish H+(0,11),h-(2,-1) w1 H+(0,11),h-(2,-1) w1
154	0089debf-8c49-47d1-a4e9-05c946d9274a runid=ed1de13037eb1bcfeefc20d46af38743bdac68e6 read=14934 ch=84 start_time=2020-02-10T19:06:16Z flow_cell_id=ACE547 protocol_group_id=barcode_test sample_id=barcodes_fish H+(2,10),H-(3,10) w1 H+(2,10),H-(3,10) w1
154	41d110d7-cd3c-4d7a-b920-38dd64d6c5d5 runid=ed1de13037eb1bcfeefc20d46af38743bdac68e6 read=33628 ch=8 start_time=2020-02-10T20:22:16Z flow_cell_id=ACE547 protocol_group_id=barcode_test sample_id=barcodes_fish H+(3,9),H-(2,7) w1 H+(3,9),H-(2,7) w1
154	9fcd0d86-902a-418e-95b4-67801505bdf5 runid=ed1de13037eb1bcfeefc20d46af38743bdac68e6 read=13936 ch=68 start_time=2020-02-10T17:29:36Z flow_cell_id=ACE547 protocol_group_id=barcode_test sample_id=barcodes_fish H+(0,11),h-(1,-1) w1 H+(0,11),h-(1,-1) w1
154	de75e3b3-be57-4a1e-9406-665aede6936b runid=ed1de13037eb1bcfeefc20d46af38743bdac68e6 read=13887 ch=13 start_time=2020-02-10T17:56:57Z flow_cell_id=ACE547 protocol_group_id=barcode_test sample_id=barcodes_fish H+(1,11),H-(3,11) w1 H+(1,11),H-(3,11) w1
154	7033698f-6c8a-4740-9ffc-257d54cd6bcb runid=ed1de13037eb1bcfeefc20d46af38743bdac68e6 read=31690 ch=105 start_time=2020-02-10T19:58:23Z flow_cell_id=ACE547 protocol_group_id=barcode_test sample_id=barcodes_fish H+(1,9),h-(3,-1) w1 H+(1,9),h-(3,-1) w1
154	16f52507-3dd7-40fb-8539-5ede6371c80c runid=ed1de13037eb1bcfeefc20d46af38743bdac68e6 read=30453 ch=110 start_time=2020-02-10T20:08:46Z flow_cell_id=ACE547 protocol_group_id=barcode_test sample_id=barcodes_fish H+(2,10),H-(2,11) w1 H+(2,10),H-(2,11) w1
154	11f0f642-22a8-410e-991c-886a91e587f0 runid=ed1de13037eb1bcfeefc20d46af38743bdac68e6 read=32325 ch=81 start_time=2020-02-10T20:08:37Z flow_cell_id=ACE547 protocol_group_id=barcode_test sample_id=barcodes_fish h+(3),h-(3) w1 h+(3),h-(3) w1
154	2582e38e-cf59-4c61-a8c9-56586b62a4e8 runid=ed1de13037eb1bcfeefc20d46af38743bdac68e6 read=22535 ch=58 start_time=2020-02-10T19:09:38Z flow_cell_id=ACE547 protocol_group_id=barcode_test sample_id=barcodes_fish H+(2,9),h-(2,-1) w1 H+(2,9),h-(2,-1) w1
154	8d49c13e-e8db-4917-a451-ce5777c83603 runid=ed1de13037eb1bcfeefc20d46af38743bdac68e6 read=23207 ch=58 start_time=2020-02-10T19:16:04Z flow_cell_id=ACE547 protocol_group_id=barcode_test sample_id=barcodes_fish H+(0,11),h-(1,-1) w1 H+(0,11),h-(1,-1) w1
154	55194641-1500-49db-955a-9749bda1535c runid=ed1de13037eb1bcfeefc20d46af38743bdac68e6 read=40354 ch=104 start_time=2020-02-10T20:34:14Z flow_cell_id=ACE547 protocol_group_id=barcode_test sample_id=barcodes_fish H+(3,7),H-(3,8) w1 H+(3,7),H-(3,8) w1
154	cfb2ef15-bec1-43e2-a064-093131605cc0 runid=ed1de13037eb1bcfeefc20d46af38743bdac68e6 read=19274 ch=41 start_time=2020-02-10T18:23:09Z flow_cell_id=ACE547 protocol_group_id=barcode_test sample_id=barcodes_fish H+(1,11),H-(1,11) w1 H+(1,11),H-(1,11) w1
154	d99e1cdd-04a7-48a7-872d-ca3a1cac33cf runid=ed1de13037eb1bcfeefc20d46af38743bdac68e6 read=10555 ch=122 start_time=2020-02-10T18:25:44Z flow_cell_id=ACE547 protocol_group_id=barcode_test sample_id=barcodes_fish H+(0,10),h-(3,-1) w1 H+(0,10),h-(3,-1) w1
154	7ace6111-ad80-48de-9a43-cc528943da07 runid=ed1de13037eb1bcfeefc20d46af38743bdac68e6 read=36496 ch=81 start_time=2020-02-10T20:44:48Z flow_cell_id=ACE547 protocol_group_id=barcode_test sample_id=barcodes_fish H+(1,9),h-(2,-1) w1 H+(1,9),h-(2,-1) w1
154	35b4c217-d58a-48ac-9f31-7db279634dde runid=ed1de13037eb1bcfeefc20d46af38743bdac68e6 read=17972 ch=9 start_time=2020-02-10T18:46:41Z flow_cell_id=ACE547 protocol_group_id=barcode_test sample_id=barcodes_fish H+(0,11),h-(3,-1) w1 H+(0,11),h-(3,-1) w1
153	33367aa9-16f1-4013-9610-41a8ab502d9f runid=ed1de13037eb1bcfeefc20d46af38743bdac68e6 read=6271 ch=122 start_time=2020-02-10T17:52:15Z flow_cell_id=ACE547 protocol_group_id=barcode_test sample_id=barcodes_fish H-(3,10),h+(3,-1) w1 H-(3,10),h+(3,-1) w1
153	1ed3241e-0217-4a21-84a4-e7be47a420b7 runid=ed1de13037eb1bcfeefc20d46af38743bdac68e6 read=28334 ch=81 start_time=2020-02-10T19:31:46Z flow_cell_id=ACE547 protocol_group_id=barcode_test sample_id=barcodes_fish h-(2),h+(1) w1 h-(2),h+(1) w1
153	55126742-97da-47cf-aea9-8ac0111ff25a runid=ed1de13037eb1bcfeefc20d46af38743bdac68e6 read=26454 ch=7 start_time=2020-02-10T19:32:54Z flow_cell_id=ACE547 protocol_group_id=barcode_test sample_id=barcodes_fish h-(1),h+(2) w1 h-(1),h+(2) w1
153	e5bc7f2d-f4c5-48d8-8c7f-a0e512995a51 runid=ed1de13037eb1bcfeefc20d46af38743bdac68e6 read=16094 ch=31 start_time=2020-02-10T17:49:54Z flow_cell_id=ACE547 protocol_group_id=barcode_test sample_id=barcodes_fish H-(3,11),h+(1,-1) w1 H-(3,11),h+(1,-1) w1
153	1fca56dc-2ed4-4c86-b8b3-ac88c92f3c81 runid=ed1de13037eb1bcfeefc20d46af38743bdac68e6 read=7660 ch=35 start_time=2020-02-10T18:04:57Z flow_cell_id=ACE547 protocol_group_id=barcode_test sample_id=barcodes_fish H-(1,10),h+(2,-1) w1 H-(1,10),h+(2,-1) w1
153	437a1232-e323-4a22-a1f5-97698c43e436 runid=ed1de13037eb1bcfeefc20d46af38743bdac68e6 read=35123 ch=69 start_time=2020-02-10T20:43:48Z flow_cell_id=ACE547 protocol_group_id=barcode_test sample_id=barcodes_fish h-(3),h+(3) w1 h-(3),h+(3) w1
153	5ea843b6-6ee8-42d6-9525-815db44eeef8 runid=ed1de13037eb1bcfeefc20d46af38743bdac68e6 read=20819 ch=69 start_time=2020-02-10T18:32:06Z flow_cell_id=ACE547 protocol_group_id=barcode_test sample_id=barcodes_fish H-(2,9),H+(0,10) w1 H-(2,9),H+(0,10) w1
153	ba96607e-86f0-4f21-be22-675f46a384d1 runid=ed1de13037eb1bcfeefc20d46af38743bdac68e6 read=12529 ch=33 start_time=2020-02-10T19:13:10Z flow_cell_id=ACE547 protocol_group_id=barcode_test sample_id=barcodes_fish H-(1,8),H+(3,10) w1 H-(1,8),H+(3,10) w1
153	87a1c060-68a2-4278-86c1-68f20b977660 runid=ed1de13037eb1bcfeefc20d46af38743bdac68e6 read=12844 ch=94 start_time=2020-02-10T17:15:18Z flow_cell_id=ACE547 protocol_group_id=barcode_test sample_id=barcodes_fish H-(3,10),h+(3,-1) w1 H-(3,10),h+(3,-1) w1
153	6957d043-4ea4-43eb-9b88-347049d87f95 runid=ed1de13037eb1bcfeefc20d46af38743bdac68e6 read=30463 ch=85 start_time=2020-02-10T20:11:31Z flow_cell_id=ACE547 protocol_group_id=barcode_test sample_id=barcodes_fish H-(3,9),h+(1,-1) w1 H-(3,9),h+(1,-1) w1
153	cb48b934-84db-455f-a8dc-9123816ec2f5 runid=ed1de13037eb1bcfeefc20d46af38743bdac68e6 read=14369 ch=99 start_time=2020-02-10T18:06:45Z flow_cell_id=ACE547 protocol_group_id=barcode_test sample_id=barcodes_fish h-(3),h+(2) w1 h-(3),h+(2) w1
153	6911c2c1-4dad-4885-8e66-d03576e3a8a4 runid=ed1de13037eb1bcfeefc20d46af38743bdac68e6 read=13918 ch=94 start_time=2020-02-10T17:24:00Z flow_cell_id=ACE547 protocol_group_id=barcode_test sample_id=barcodes_fish H-(2,11),h+(3,-1) w1 H-(2,11),h+(3,-1) w1
153	f87c5f84-2dae-4c02-8313-b6897bb50dd9 runid=ed1de13037eb1bcfeefc20d46af38743bdac68e6 read=13328 ch=95 start_time=2020-02-10T17:23:32Z flow_cell_id=ACE547 protocol_group_id=barcode_test sample_id=barcodes_fish h-(2),h+(3) w1 h-(2),h+(3) w1
153	3e71edf5-2bcf-485f-b83f-71def01edd55 runid=ed1de13037eb1bcfeefc20d46af38743bdac68e6 read=16901 ch=104 start_time=2020-02-10T17:29:44Z flow_cell_id=ACE547 protocol_group_id=barcode_test sample_id=barcodes_fish h-(2),h+(3) w1 h-(2),h+(3) w1
197	278c144f-e5d5-4509-a12c-5fe78ce87806 runid=ed1de13037eb1bcfeefc20d46af38743bdac68e6 read=15351 ch=99 start_time=2020-02-10T18:15:39Z flow_cell_id=ACE547 protocol_group_id=barcode_test sample_id=barcodes_fish h+(2),h-(2) w1 h+(2),h-(2) w1
197	4c246456-17f5-41ac-a4ab-67c917e429b2 runid=ed1de13037eb1bcfeefc20d46af38743bdac68e6 read=26502 ch=29 start_time=2020-02-10T19:31:32Z flow_cell_id=ACE547 protocol_group_id=barcode_test sample_id=barcodes_fish H+(1,10),h-(1,-1) w1 H+(1,10),h-(1,-1) w1
197	2a98ce19-676e-4f8a-b5d5-5c7a1e1ede00 runid=ed1de13037eb1bcfeefc20d46af38743bdac68e6 read=2674 ch=71 start_time=2020-02-10T15:57:40Z flow_cell_id=ACE547 protocol_group_id=barcode_test sample_id=barcodes_fish h+(3),h-(1) w1 h+(3),h-(1) w1
197	107ee2ba-3127-4071-a765-b54931ea6512 runid=ed1de13037eb1bcfeefc20d46af38743bdac68e6 read=29424 ch=108 start_time=2020-02-10T19:53:16Z flow_cell_id=ACE547 protocol_group_id=barcode_test sample_id=barcodes_fish h+(1),h-(1) w1 h+(1),h-(1) w1
197	0990ce41-a791-483b-a4dc-d2c13fe2546c runid=ed1de13037eb1bcfeefc20d46af38743bdac68e6 read=30753 ch=105 start_time=2020-02-10T19:50:28Z flow_cell_id=ACE547 protocol_group_id=barcode_test sample_id=barcodes_fish h+(1),h-(2) w1 h+(1),h-(2) w1
197	31dc6d35-e21c-402f-bd4e-6f2043c5d23f runid=ed1de13037eb1bcfeefc20d46af38743bdac68e6 read=33165 ch=94 start_time=2020-02-10T20:23:04Z flow_cell_id=ACE547 protocol_group_id=barcode_test sample_id=barcodes_fish h+(1),h-(3) w1 h+(1),h-(3) w1
197	e29ad81f-bb87-4b16-a11f-6481869175e6 runid=ed1de13037eb1bcfeefc20d46af38743bdac68e6 read=37684 ch=8 start_time=2020-02-10T20:59:35Z flow_cell_id=ACE547 protocol_group_id=barcode_test sample_id=barcodes_fish h+(3),h-(3) w1 h+(3),h-(3) w1
197	f4544b3f-a2c6-4dfb-b1f3-2fa2f55b326e runid=ed1de13037eb1bcfeefc20d46af38743bdac68e6 read=10975 ch=91 start_time=2020-02-10T17:20:52Z flow_cell_id=ACE547 protocol_group_id=barcode_test sample_id=barcodes_fish H+(3,9),h-(1,-1) w1 H+(3,9),h-(1,-1) w1
197	cde83939-5f5d-4607-b44d-e1ba4c024c41 runid=ed1de13037eb1bcfeefc20d46af38743bdac68e6 read=28327 ch=103 start_time=2020-02-10T19:43:02Z flow_cell_id=ACE547 protocol_group_id=barcode_test sample_id=barcodes_fish H+(3,11),H-(2,10) w1 H+(3,11),H-(2,10) w1
197	5d00fc30-b1a4-4608-aab9-77c340b98045 runid=ed1de13037eb1bcfeefc20d46af38743bdac68e6 read=25091 ch=9 start_time=2020-02-10T19:53:45Z flow_cell_id=ACE547 protocol_group_id=barcode_test sample_id=barcodes_fish H+(2,9),H-(2,11) w1 H+(2,9),H-(2,11) w1
197	957abc44-40d6-428c-ad59-505e9523702a runid=ed1de13037eb1bcfeefc20d46af38743bdac68e6 read=16715 ch=64 start_time=2020-02-10T18:40:44Z flow_cell_id=ACE547 protocol_group_id=barcode_test sample_id=barcodes_fish H+(3,8),h-(1,-1) w1 H+(3,8),h-(1,-1) w1
197	7ffcb2b6-df62-4627-8082-4d9c22098086 runid=ed1de13037eb1bcfeefc20d46af38743bdac68e6 read=23909 ch=105 start_time=2020-02-10T18:47:25Z flow_cell_id=ACE547 protocol_group_id=barcode_test sample_id=barcodes_fish h+(1),h-(2) w1 h+(1),h-(2) w1
197	d6f47af0-2ff0-4470-871e-4ac306a83d43 runid=ed1de13037eb1bcfeefc20d46af38743bdac68e6 read=12175 ch=64 start_time=2020-02-10T17:57:14Z flow_cell_id=ACE547 protocol_group_id=barcode_test sample_id=barcodes_fish H+(3,11),H-(1,11) w1 H+(3,11),H-(1,11) w1
197	b868101e-7890-4cf4-8d5c-ca55ef6538e0 runid=ed1de13037eb1bcfeefc20d46af38743bdac68e6 read=34533 ch=108 start_time=2020-02-10T20:38:22Z flow_cell_id=ACE547 protocol_group_id=barcode_test sample_id=barcodes_fish h+(0),h-(3) w1 h+(0),h-(3) w1
280	56a02387-b12d-41fd-83dc-2914e55ee86e runid=ed1de13037eb1bcfeefc20d46af38743bdac68e6 read=15915 ch=51 start_time=2020-02-10T17:38:20Z flow_cell_id=ACE547 protocol_group_id=barcode_test sample_id=barcodes_fish h+(1),h-(3) w1 h+(1),h-(3) w1
280	31a95e5e-1cb5-4e68-8f9a-6cd8c69d0d9b runid=ed1de13037eb1bcfeefc20d46af38743bdac68e6 read=18676 ch=122 start_time=2020-02-10T19:38:36Z flow_cell_id=ACE547 protocol_group_id=barcode_test sample_id=barcodes_fish H+(2,10),h-(2,-1) w1 H+(2,10),h-(2,-1) w1
280	08db96e5-f545-4f28-b50b-a98284768432 runid=ed1de13037eb1bcfeefc20d46af38743bdac68e6 read=28659 ch=45 start_time=2020-02-10T19:50:18Z flow_cell_id=ACE547 protocol_group_id=barcode_test sample_id=barcodes_fish H+(2,10),h-(2,-1) w1 H+(2,10),h-(2,-1) w1
280	9a8905d5-60ae-463c-99b7-1d23ae82e311 runid=ed1de13037eb1bcfeefc20d46af38743bdac68e6 read=21012 ch=95 start_time=2020-02-10T18:30:00Z flow_cell_id=ACE547 protocol_group_id=barcode_test sample_id=barcodes_fish h+(2),h-(1) w1 h+(2),h-(1) w1
280	c5458353-f785-4fc3-9535-c68c0bf2d350 runid=ed1de13037eb1bcfeefc20d46af38743bdac68e6 read=12476 ch=124 start_time=2020-02-10T17:19:49Z flow_cell_id=ACE547 protocol_group_id=barcode_test sample_id=barcodes_fish h+(1),h-(2) w1 h+(1),h-(2) w1
280	5a5f1a32-96f0-4b49-9856-cdb4eb7f6318 runid=ed1de13037eb1bcfeefc20d46af38743bdac68e6 read=36459 ch=34 start_time=2020-02-10T20:51:42Z flow_cell_id=ACE547 protocol_group_id=barcode_test sample_id=barcodes_fish H+(0,8),H-(2,11) w1 H+(0,8),H-(2,11) w1
280	2c9716d2-8420-49ad-9e58-2086ac411b6c runid=ed1de13037eb1bcfeefc20d46af38743bdac68e6 read=21932 ch=7 start_time=2020-02-10T18:47:16Z flow_cell_id=ACE547 protocol_group_id=barcode_test sample_id=barcodes_fish h+(0),h-(1) w1 h+(0),h-(1) w1
280	107bfd77-99ee-4045-bdd7-2d17e0f363c1 runid=ed1de13037eb1bcfeefc20d46af38743bdac68e6 read=2072 ch=15 start_time=2020-02-10T15:48:22Z flow_cell_id=ACE547 protocol_group_id=barcode_test sample_id=barcodes_fish H+(1,9),h-(3,-1) w1 H+(1,9),h-(3,-1) w1
280	6db737ab-153c-49af-ab36-8c620b23866c runid=ed1de13037eb1bcfeefc20d46af38743bdac68e6 read=12760 ch=91 start_time=2020-02-10T17:35:58Z flow_cell_id=ACE547 protocol_group_id=barcode_test sample_id=barcodes_fish H+(1,9),h-(3,-1) w1 H+(1,9),h-(3,-1) w1
280	ef3fb614-0b63-4db7-b858-7629a66ba396 runid=ed1de13037eb1bcfeefc20d46af38743bdac68e6 read=16727 ch=90 start_time=2020-02-10T17:53:19Z flow_cell_id=ACE547 protocol_group_id=barcode_test sample_id=barcodes_fish H+(3,8),H-(3,9) w1 H+(3,8),H-(3,9) w1
280	cb7fa021-ebac-4778-9903-f01fad253581 runid=ed1de13037eb1bcfeefc20d46af38743bdac68e6 read=26967 ch=51 start_time=2020-02-10T19:14:21Z flow_cell_id=ACE547 protocol_group_id=barcode_test sample_id=barcodes_fish h+(2),h-(2) w1 h+(2),h-(2) w1
110	6c512fbc-2112-4d7c-86f9-1eb8519f4b7a runid=ed1de13037eb1bcfeefc20d46af38743bdac68e6 read=106 ch=2 start_time=2020-02-10T15:33:32Z flow_cell_id=ACE547 protocol_group_id=barcode_test sample_id=barcodes_fish H-(2,11),H+(2,8) w1 H-(2,11),H+(2,8) w1
110	a8873b31-63b8-4726-ac5f-74c9bb2719fe runid=ed1de13037eb1bcfeefc20d46af38743bdac68e6 read=2736 ch=21 start_time=2020-02-10T15:56:41Z flow_cell_id=ACE547 protocol_group_id=barcode_test sample_id=barcodes_fish H-(3,7),h+(1,-1) w1 H-(3,7),h+(1,-1) w1
110	d30b0cab-77e7-4da4-8edf-af27a21a276f runid=ed1de13037eb1bcfeefc20d46af38743bdac68e6 read=1973 ch=54 start_time=2020-02-10T15:47:35Z flow_cell_id=ACE547 protocol_group_id=barcode_test sample_id=barcodes_fish h-(1),h+(1) w1 h-(1),h+(1) w1
110	28652937-e505-4405-8614-4df8c1fb645d runid=ed1de13037eb1bcfeefc20d46af38743bdac68e6 read=1744 ch=60 start_time=2020-02-10T15:45:51Z flow_cell_id=ACE547 protocol_group_id=barcode_test sample_id=barcodes_fish H-(1,6),H+(2,10) w1 H-(1,6),H+(2,10) w1
110	a04b9111-b1a7-4a00-ae24-469c7a26df13 runid=ed1de13037eb1bcfeefc20d46af38743bdac68e6 read=1808 ch=56 start_time=2020-02-10T15:47:06Z flow_cell_id=ACE547 protocol_group_id=barcode_test sample_id=barcodes_fish h-(3),h+(3) w1 h-(3),h+(3) w1
110	f3696a2a-7cb1-44e2-aa5d-c63d813addb1 runid=ed1de13037eb1bcfeefc20d46af38743bdac68e6 read=22222 ch=95 start_time=2020-02-10T18:41:22Z flow_cell_id=ACE547 protocol_group_id=barcode_test sample_id=barcodes_fish H-(2,6),H+(3,10) w1 H-(2,6),H+(3,10) w1
110	b8e210cd-32e9-4b83-987b-27ac1f00262d runid=ed1de13037eb1bcfeefc20d46af38743bdac68e6 read=17067 ch=96 start_time=2020-02-10T17:33:05Z flow_cell_id=ACE547 protocol_group_id=barcode_test sample_id=barcodes_fish H-(2,7),H+(0,8) w1 H-(2,7),H+(0,8) w1
110	f4937b7a-d77d-4e95-94e9-ba1a771f4987 runid=ed1de13037eb1bcfeefc20d46af38743bdac68e6 read=17287 ch=61 start_time=2020-02-10T17:58:01Z flow_cell_id=ACE547 protocol_group_id=barcode_test sample_id=barcodes_fish H-(3,10),h+(1,-1) w1 H-(3,10),h+(1,-1) w1
110	f02beb48-8189-4d87-bf55-d6ec79116be0 runid=ed1de13037eb1bcfeefc20d46af38743bdac68e6 read=10974 ch=58 start_time=2020-02-10T17:18:36Z flow_cell_id=ACE547 protocol_group_id=barcode_test sample_id=barcodes_fish H-(2,9),H+(1,9) w1 H-(2,9),H+(1,9) w1
69	13d33c82-e83d-468d-8b7d-1cabc4342b1d runid=ed1de13037eb1bcfeefc20d46af38743bdac68e6 read=21507 ch=108 start_time=2020-02-10T18:39:53Z flow_cell_id=ACE547 protocol_group_id=barcode_test sample_id=barcodes_fish H-(2,10),H+(0,8) w1 H-(2,10),H+(0,8) w1
69	bbeed539-2fe1-4c92-9764-639807c21087 runid=ed1de13037eb1bcfeefc20d46af38743bdac68e6 read=1950 ch=46 start_time=2020-02-10T15:48:12Z flow_cell_id=ACE547 protocol_group_id=barcode_test sample_id=barcodes_fish H-(2,11),h+(2,-1) w1 H-(2,11),h+(2,-1) w1
69	0300c8bd-1415-4c8f-a708-177814cdb1b1 runid=ed1de13037eb1bcfeefc20d46af38743bdac68e6 read=32404 ch=73 start_time=2020-02-10T20:51:26Z flow_cell_id=ACE547 protocol_group_id=barcode_test sample_id=barcodes_fish H-(1,10),H+(1,7) w1 H-(1,10),H+(1,7) w1
69	be2da28c-7b79-4e35-bb6f-6a60e40ce81a runid=ed1de13037eb1bcfeefc20d46af38743bdac68e6 read=1674 ch=81 start_time=2020-02-10T15:44:23Z flow_cell_id=ACE547 protocol_group_id=barcode_test sample_id=barcodes_fish H-(0,9),H+(0,11) w1 H-(0,9),H+(0,11) w1
69	9994b725-2c39-4dc8-ad2d-e954a78c9176 runid=ed1de13037eb1bcfeefc20d46af38743bdac68e6 read=17705 ch=68 start_time=2020-02-10T18:04:02Z flow_cell_id=ACE547 protocol_group_id=barcode_test sample_id=barcodes_fish h-(1),h+(1) w1 h-(1),h+(1) w1
69	5b91cec4-7539-4022-9b25-32e55d6f0588 runid=ed1de13037eb1bcfeefc20d46af38743bdac68e6 read=2320 ch=103 start_time=2020-02-10T15:50:43Z flow_cell_id=ACE547 protocol_group_id=barcode_test sample_id=barcodes_fish H-(2,11),H+(2,7) w1 H-(2,11),H+(2,7) w1
69	dd96e831-663e-4c6a-8ed7-c7b22e3d57af runid=ed1de13037eb1bcfeefc20d46af38743bdac68e6 read=19190 ch=30 start_time=2020-02-10T18:08:44Z flow_cell_id=ACE547 protocol_group_id=barcode_test sample_id=barcodes_fish H-(1,9),H+(2,8) w1 H-(1,9),H+(2,8) w1
69	bf032403-1977-4632-bc4c-11423241590e runid=ed1de13037eb1bcfeefc20d46af38743bdac68e6 read=1951 ch=29 start_time=2020-02-10T15:49:32Z flow_cell_id=ACE547 protocol_group_id=barcode_test sample_id=barcodes_fish H-(0,11),h+(0,-1) w1 H-(0,11),h+(0,-1) w1
242	71175c0a-787d-460c-bab7-a7d31663ac14 runid=ed1de13037eb1bcfeefc20d46af38743bdac68e6 read=18474 ch=115 start_time=2020-02-10T18:04:15Z flow_cell_id=ACE547 protocol_group_id=barcode_test sample_id=barcodes_fish H+(3,10),H-(3,11) w1 H+(3,10),H-(3,11) w1
242	42736eca-b93d-4524-a2d3-626419b68e50 runid=ed1de13037eb1bcfeefc20d46af38743bdac68e6 read=34686 ch=15 start_time=2020-02-10T20:45:31Z flow_cell_id=ACE547 protocol_group_id=barcode_test sample_id=barcodes_fish H+(1,10),h-(3,-1) w1 H+(1,10),h-(3,-1) w1
242	7f38bd28-9579-4e71-b697-74d50c25d15c runid=ed1de13037eb1bcfeefc20d46af38743bdac68e6 read=16729 ch=14 start_time=2020-02-10T17:51:22Z flow_cell_id=ACE547 protocol_group_id=barcode_test sample_id=barcodes_fish h+(3),h-(2) w1 h+(3),h-(2) w1
242	3bb706bc-d380-4cb7-bbc2-789d2b85d0f7 runid=ed1de13037eb1bcfeefc20d46af38743bdac68e6 read=31779 ch=7 start_time=2020-02-10T20:24:51Z flow_cell_id=ACE547 protocol_group_id=barcode_test sample_id=barcodes_fish H+(2,9),h-(2,-1) w1 H+(2,9),h-(2,-1) w1
242	b81581e5-3d2a-4a3e-a314-b10025664ba5 runid=ed1de13037eb1bcfeefc20d46af38743bdac68e6 read=31417 ch=93 start_time=2020-02-10T20:17:49Z flow_cell_id=ACE547 protocol_group_id=barcode_test sample_id=barcodes_fish H+(2,11),h-(3,-1) w1 H+(2,11),h-(3,-1) w1
242	d71ebceb-76df-4f5b-b0da-076b6909eb59 runid=ed1de13037eb1bcfeefc20d46af38743bdac68e6 read=28815 ch=95 start_time=2020-02-10T19:45:06Z flow_cell_id=ACE547 protocol_group_id=barcode_test sample_id=barcodes_fish H+(2,11),h-(2,-1) w1 H+(2,11),h-(2,-1) w1
242	0e55bc5e-e157-4f03-8008-9592aeaf8419 runid=ed1de13037eb1bcfeefc20d46af38743bdac68e6 read=11441 ch=4 start_time=2020-02-10T17:19:40Z flow_cell_id=ACE547 protocol_group_id=barcode_test sample_id=barcodes_fish H+(2,11),h-(1,-1) w1 H+(2,11),h-(1,-1) w1
41	d5ec35f0-e7ad-4393-8785-744c9906f9dd runid=ed1de13037eb1bcfeefc20d46af38743bdac68e6 read=1869 ch=85 start_time=2020-02-10T15:48:21Z flow_cell_id=ACE547 protocol_group_id=barcode_test sample_id=barcodes_fish h-(2),h+(3) w1 h-(2),h+(3) w1
41	386d1a43-6b13-422b-9803-6defb511a205 runid=ed1de13037eb1bcfeefc20d46af38743bdac68e6 read=2974 ch=83 start_time=2020-02-10T15:59:50Z flow_cell_id=ACE547 protocol_group_id=barcode_test sample_id=barcodes_fish H-(1,8),h+(1,-1) w1 H-(1,8),h+(1,-1) w1
41	633b577e-9db9-4105-beaf-4959a4f73e9a runid=ed1de13037eb1bcfeefc20d46af38743bdac68e6 read=2711 ch=66 start_time=2020-02-10T15:52:52Z flow_cell_id=ACE547 protocol_group_id=barcode_test sample_id=barcodes_fish H-(3,11),h+(1,-1) w1 H-(3,11),h+(1,-1) w1
41	60805ed1-4898-4844-83f3-5d8f8c16a03d runid=ed1de13037eb1bcfeefc20d46af38743bdac68e6 read=6763 ch=35 start_time=2020-02-10T17:57:19Z flow_cell_id=ACE547 protocol_group_id=barcode_test sample_id=barcodes_fish h-(3),h+(2) w1 h-(3),h+(2) w1
41	895d2d48-e64d-4413-9fa6-f2b28b4b2c34 runid=ed1de13037eb1bcfeefc20d46af38743bdac68e6 read=16102 ch=94 start_time=2020-02-10T17:42:59Z flow_cell_id=ACE547 protocol_group_id=barcode_test sample_id=barcodes_fish H-(2,9),H+(1,9) w1 H-(2,9),H+(1,9) w1
325	d0f13b93-3d15-47bb-9638-4062ffdb0f5a runid=ed1de13037eb1bcfeefc20d46af38743bdac68e6 read=23422 ch=60 start_time=2020-02-10T18:53:27Z flow_cell_id=ACE547 protocol_group_id=barcode_test sample_id=barcodes_fish H+(1,9),h-(3,-1) w1 H+(1,9),h-(3,-1) w1
325	9ee02036-cff5-46b7-8ff9-f1f6f62776ef runid=ed1de13037eb1bcfeefc20d46af38743bdac68e6 read=36755 ch=94 start_time=2020-02-10T20:54:51Z flow_cell_id=ACE547 protocol_group_id=barcode_test sample_id=barcodes_fish h+(1),h-(1) w1 h+(1),h-(1) w1
325	8a1b38d5-7f08-4a3d-ab8f-ef00d601ac89 runid=ed1de13037eb1bcfeefc20d46af38743bdac68e6 read=27146 ch=51 start_time=2020-02-10T19:15:59Z flow_cell_id=ACE547 protocol_group_id=barcode_test sample_id=barcodes_fish H+(3,11),h-(0,-1) w1 H+(3,11),h-(0,-1) w1
325	1115eb60-bbb2-4525-8549-14b506e0fa66 runid=ed1de13037eb1bcfeefc20d46af38743bdac68e6 read=16737 ch=35 start_time=2020-02-10T19:41:06Z flow_cell_id=ACE547 protocol_group_id=barcode_test sample_id=barcodes_fish h+(0),h-(2) w1 h+(0),h-(2) w1
325	ce23a793-d9e7-4dbe-a025-9cfaa4aff24f runid=ed1de13037eb1bcfeefc20d46af38743bdac68e6 read=21728 ch=105 start_time=2020-02-10T18:27:57Z flow_cell_id=ACE547 protocol_group_id=barcode_test sample_id=barcodes_fish H+(3,10),h-(1,-1) w1 H+(3,10),h-(1,-1) w1
365	3873e7e4-94ef-427c-8eb0-82947624a4d3 runid=ed1de13037eb1bcfeefc20d46af38743bdac68e6 read=17429 ch=5 start_time=2020-02-10T17:55:15Z flow_cell_id=ACE547 protocol_group_id=barcode_test sample_id=barcodes_fish h+(0),h-(3) w1 h+(0),h-(3) w1
365	8e8d09b7-b233-4afd-8dfb-645244c834fd runid=ed1de13037eb1bcfeefc20d46af38743bdac68e6 read=17468 ch=122 start_time=2020-02-10T19:27:11Z flow_cell_id=ACE547 protocol_group_id=barcode_test sample_id=barcodes_fish h+(1),h-(2) w1 h+(1),h-(2) w1
13	d25da47a-3873-4dd5-82bb-f6d05089fcdc runid=ed1de13037eb1bcfeefc20d46af38743bdac68e6 read=67 ch=68 start_time=2020-02-10T15:33:35Z flow_cell_id=ACE547 protocol_group_id=barcode_test sample_id=barcodes_fish H-(3,10),h+(0,-1) w1 H-(3,10),h+(0,-1) w1
146	919b17e6-7c02-42b3-b0dc-467a44da688b runid=ed1de13037eb1bcfeefc20d46af38743bdac68e6 read=27389 ch=110 start_time=2020-02-10T19:36:31Z flow_cell_id=ACE547 protocol_group_id=barcode_test sample_id=barcodes_fish H+(3,11),h-(0,-1) w1 H+(3,11),h-(0,-1) w1
163	341472a4-e6bb-494e-9d6e-2ba686dbbc4b runid=ed1de13037eb1bcfeefc20d46af38743bdac68e6 read=14482 ch=40 start_time=2020-02-10T17:32:18Z flow_cell_id=ACE547 protocol_group_id=barcode_test sample_id=barcodes_fish H-(2,10),h+(2,-1) w1 H-(2,10),h+(2,-1) w1
237	b58cc38f-bda3-4e29-8af8-8df7bce08e58 runid=ed1de13037eb1bcfeefc20d46af38743bdac68e6 read=13891 ch=45 start_time=2020-02-10T17:32:15Z flow_cell_id=ACE547 protocol_group_id=barcode_test sample_id=barcodes_fish H-(2,8),h+(3,-1) w1 H-(2,8),h+(3,-1) w1
322	e535c3fc-79cd-445b-bcfd-b8db2d36e8e2 runid=ed1de13037eb1bcfeefc20d46af38743bdac68e6 read=31186 ch=17 start_time=2020-02-10T20:16:23Z flow_cell_id=ACE547 protocol_group_id=barcode_test sample_id=barcodes_fish H+(1,11),H-(3,11) w1 H+(1,11),H-(3,11) w1
362	e471a946-cea8-470c-a13b-04368b0ef052 runid=ed1de13037eb1bcfeefc20d46af38743bdac68e6 read=23163 ch=35 start_time=2020-02-10T20:36:38Z flow_cell_id=ACE547 protocol_group_id=barcode_test sample_id=barcodes_fish H+(2,8),h-(3,-1) w1 H+(2,8),h-(3,-1) w1
371	0491f0aa-a5b7-40d5-b17d-f26e87323863 runid=ed1de13037eb1bcfeefc20d46af38743bdac68e6 read=26422 ch=51 start_time=2020-02-10T19:09:42Z flow_cell_id=ACE547 protocol_group_id=barcode_test sample_id=barcodes_fish h-(3),h+(2) w1 h-(3),h+(2) w1
