4	65d29c00-210f-4b56-8096-e08a197ee993 runid=ed1de13037eb1bcfeefc20d46af38743bdac68e6 read=40 ch=95 start_time=2020-02-10T15:33:08Z flow_cell_id=ACE547 protocol_group_id=barcode_test sample_id=barcodes_fish H+(6,6),H-(2,9) c1
4	1100078c-40ec-4948-94c9-15abbd928809 runid=ed1de13037eb1bcfeefc20d46af38743bdac68e6 read=18144 ch=121 start_time=2020-02-10T18:11:19Z flow_cell_id=ACE547 protocol_group_id=barcode_test sample_id=barcodes_fish H+(5,10),H-(0,9) c1
4	5cdbab99-9038-4983-865f-93d1c4bf8c46 runid=ed1de13037eb1bcfeefc20d46af38743bdac68e6 read=51 ch=93 start_time=2020-02-10T15:33:07Z flow_cell_id=ACE547 protocol_group_id=barcode_test sample_id=barcodes_fish h+(3),h-(0) c1
4	d259305b-7543-4cfa-bcf4-f87a13c2cf30 runid=ed1de13037eb1bcfeefc20d46af38743bdac68e6 read=16213 ch=73 start_time=2020-02-10T18:06:25Z flow_cell_id=ACE547 protocol_group_id=barcode_test sample_id=barcodes_fish H+(5,10),h-(0,-1) c1
4	1a391e22-a990-48c9-a6ff-6b40341d9325 runid=ed1de13037eb1bcfeefc20d46af38743bdac68e6 read=13844 ch=95 start_time=2020-02-10T17:27:23Z flow_cell_id=ACE547 protocol_group_id=barcode_test sample_id=barcodes_fish H+(1,10),H-(4,9) c1
4	f7fc558d-b894-49e3-8ec3-1a67481ffb28 runid=ed1de13037eb1bcfeefc20d46af38743bdac68e6 read=16105 ch=110 start_time=2020-02-10T17:51:57Z flow_cell_id=ACE547 protocol_group_id=barcode_test sample_id=barcodes_fish H+(3,9),H-(3,11) c1
4	1985f51c-5d2c-4328-87ce-b92273d01862 runid=ed1de13037eb1bcfeefc20d46af38743bdac68e6 read=1516 ch=124 start_time=2020-02-10T15:44:59Z flow_cell_id=ACE547 protocol_group_id=barcode_test sample_id=barcodes_fish H+(2,11),h-(0,-1) c1
4	6d43328d-f5ca-4b78-8842-0da8e6c106fc runid=ed1de13037eb1bcfeefc20d46af38743bdac68e6 read=1671 ch=94 start_time=2020-02-10T15:46:20Z flow_cell_id=ACE547 protocol_group_id=barcode_test sample_id=barcodes_fish H+(3,9),h-(4,-1) c1
4	749d0610-9135-42cf-b6ef-80063b86dcbf runid=ed1de13037eb1bcfeefc20d46af38743bdac68e6 read=1966 ch=31 start_time=2020-02-10T15:48:55Z flow_cell_id=ACE547 protocol_group_id=barcode_test sample_id=barcodes_fish H+(5,10),H-(1,11) c1
4	026ada62-4eb7-4f34-a42c-961575b1c505 runid=ed1de13037eb1bcfeefc20d46af38743bdac68e6 read=1422 ch=111 start_time=2020-02-10T15:43:29Z flow_cell_id=ACE547 protocol_group_id=barcode_test sample_id=barcodes_fish H+(2,11),H-(0,9) c1
4	85e1db3b-252d-453c-beb3-1e5f59a018de runid=ed1de13037eb1bcfeefc20d46af38743bdac68e6 read=15288 ch=7 start_time=2020-02-10T17:46:40Z flow_cell_id=ACE547 protocol_group_id=barcode_test sample_id=barcodes_fish H+(3,9),H-(4,10) c1
4	7b52b3b5-3731-4f57-9871-bf0f8393f99c runid=ed1de13037eb1bcfeefc20d46af38743bdac68e6 read=18114 ch=45 start_time=2020-02-10T18:09:03Z flow_cell_id=ACE547 protocol_group_id=barcode_test sample_id=barcodes_fish H+(4,10),h-(3,-1) c1
4	02d4bf71-511e-4e1c-98c3-c90ce89bf5ed runid=ed1de13037eb1bcfeefc20d46af38743bdac68e6 read=15578 ch=93 start_time=2020-02-10T17:45:44Z flow_cell_id=ACE547 protocol_group_id=barcode_test sample_id=barcodes_fish H+(5,8),H-(2,11) c1
4	42d2c190-38ab-48d3-97a8-b6d574f7322e runid=ed1de13037eb1bcfeefc20d46af38743bdac68e6 read=18542 ch=106 start_time=2020-02-10T18:08:47Z flow_cell_id=ACE547 protocol_group_id=barcode_test sample_id=barcodes_fish h+(2),h-(4) c1
4	56f26bcd-d411-4eaa-b68f-372e26a040a3 runid=ed1de13037eb1bcfeefc20d46af38743bdac68e6 read=15126 ch=106 start_time=2020-02-10T17:39:48Z flow_cell_id=ACE547 protocol_group_id=barcode_test sample_id=barcodes_fish H+(3,9),h-(2,-1) c1
4	a67070e1-20e7-433b-b130-90b9a0dd1d2e runid=ed1de13037eb1bcfeefc20d46af38743bdac68e6 read=8209 ch=122 start_time=2020-02-10T18:07:11Z flow_cell_id=ACE547 protocol_group_id=barcode_test sample_id=barcodes_fish h+(3),h-(3) c1
4	5cff14b6-6553-4250-b9e0-ab7b69d3457a runid=ed1de13037eb1bcfeefc20d46af38743bdac68e6 read=17531 ch=96 start_time=2020-02-10T17:36:55Z flow_cell_id=ACE547 protocol_group_id=barcode_test sample_id=barcodes_fish H+(1,10),H-(2,10) c1
4	c605fb3d-186f-4a86-b191-e0bcd82e8f41 runid=ed1de13037eb1bcfeefc20d46af38743bdac68e6 read=1793 ch=93 start_time=2020-02-10T15:47:14Z flow_cell_id=ACE547 protocol_group_id=barcode_test sample_id=barcodes_fish h+(1),h-(2) c1
4	a4fdc15c-db12-4670-84d9-e35959c7c530 runid=ed1de13037eb1bcfeefc20d46af38743bdac68e6 read=13422 ch=43 start_time=2020-02-10T17:30:39Z flow_cell_id=ACE547 protocol_group_id=barcode_test sample_id=barcodes_fish H+(6,6),H-(1,11) c1
4	71394d7c-ecd4-4fc4-b9c0-c387cb4016b6 runid=ed1de13037eb1bcfeefc20d46af38743bdac68e6 read=16729 ch=91 start_time=2020-02-10T18:09:21Z flow_cell_id=ACE547 protocol_group_id=barcode_test sample_id=barcodes_fish H+(4,8),H-(0,11) c1
4	3f4a0a07-2ee2-4b11-970f-05d83c62295b runid=ed1de13037eb1bcfeefc20d46af38743bdac68e6 read=18989 ch=66 start_time=2020-02-10T18:06:00Z flow_cell_id=ACE547 protocol_group_id=barcode_test sample_id=barcodes_fish H+(4,8),H-(0,9) c1
4	ebc31c3b-2125-4f45-b91c-a980bd2acdcf runid=ed1de13037eb1bcfeefc20d46af38743bdac68e6 read=15340 ch=95 start_time=2020-02-10T17:40:22Z flow_cell_id=ACE547 protocol_group_id=barcode_test sample_id=barcodes_fish H+(2,11),h-(3,-1) c1
4	61277d12-a546-413d-8482-5572e3c89700 runid=ed1de13037eb1bcfeefc20d46af38743bdac68e6 read=16526 ch=38 start_time=2020-02-10T17:42:33Z flow_cell_id=ACE547 protocol_group_id=barcode_test sample_id=barcodes_fish H+(4,9),H-(0,9) c1
4	56576beb-d872-4f09-8bd4-ef448db77cd8 runid=ed1de13037eb1bcfeefc20d46af38743bdac68e6 read=17635 ch=95 start_time=2020-02-10T18:00:05Z flow_cell_id=ACE547 protocol_group_id=barcode_test sample_id=barcodes_fish H+(2,9),h-(0,-1) c1
4	ca7cb26f-9de9-48e3-984b-d48cc75fcc42 runid=ed1de13037eb1bcfeefc20d46af38743bdac68e6 read=2045 ch=69 start_time=2020-02-10T15:48:32Z flow_cell_id=ACE547 protocol_group_id=barcode_test sample_id=barcodes_fish h+(6),h-(1) c1
4	cb1afd44-a64f-41f9-b06e-c1b5f1d3a4e9 runid=ed1de13037eb1bcfeefc20d46af38743bdac68e6 read=1780 ch=46 start_time=2020-02-10T15:46:39Z flow_cell_id=ACE547 protocol_group_id=barcode_test sample_id=barcodes_fish h+(2),h-(0) c1
4	abfe6764-8c31-4b0f-a310-23085007d9a1 runid=ed1de13037eb1bcfeefc20d46af38743bdac68e6 read=1656 ch=106 start_time=2020-02-10T15:47:10Z flow_cell_id=ACE547 protocol_group_id=barcode_test sample_id=barcodes_fish H+(4,9),H-(3,11) c1
4	a74fb701-638e-4edf-a1a8-dda1f5c20a0c runid=ed1de13037eb1bcfeefc20d46af38743bdac68e6 read=14611 ch=61 start_time=2020-02-10T17:36:53Z flow_cell_id=ACE547 protocol_group_id=barcode_test sample_id=barcodes_fish H+(3,8),h-(0,-1) c1
4	7f13e30e-5228-485f-abdb-af056ff010ed runid=ed1de13037eb1bcfeefc20d46af38743bdac68e6 read=14107 ch=95 start_time=2020-02-10T17:29:54Z flow_cell_id=ACE547 protocol_group_id=barcode_test sample_id=barcodes_fish H+(5,10),h-(0,-1) c1
4	7205c24d-ca12-42fb-b58b-9922cf214b46 runid=ed1de13037eb1bcfeefc20d46af38743bdac68e6 read=14959 ch=13 start_time=2020-02-10T18:10:39Z flow_cell_id=ACE547 protocol_group_id=barcode_test sample_id=barcodes_fish H+(6,8),h-(0,-1) c1
4	22e3f372-3750-4179-a05f-339e346e71a6 runid=ed1de13037eb1bcfeefc20d46af38743bdac68e6 read=12245 ch=8 start_time=2020-02-10T17:16:09Z flow_cell_id=ACE547 protocol_group_id=barcode_test sample_id=barcodes_fish H+(3,8),h-(5,-1) c1
4	b0b4944b-5f51-49c2-b27b-bb58aea46368 runid=ed1de13037eb1bcfeefc20d46af38743bdac68e6 read=13932 ch=119 start_time=2020-02-10T17:29:58Z flow_cell_id=ACE547 protocol_group_id=barcode_test sample_id=barcodes_fish H+(5,11),h-(4,-1) c1
4	fae5d5a3-69ce-4dcd-be6f-4b44be52e7f5 runid=ed1de13037eb1bcfeefc20d46af38743bdac68e6 read=15994 ch=125 start_time=2020-02-10T17:48:06Z flow_cell_id=ACE547 protocol_group_id=barcode_test sample_id=barcodes_fish H+(3,7),H-(5,10) c1
4	c4159edd-7ffb-434f-ab99-703cd6dd28b3 runid=ed1de13037eb1bcfeefc20d46af38743bdac68e6 read=16607 ch=95 start_time=2020-02-10T17:51:21Z flow_cell_id=ACE547 protocol_group_id=barcode_test sample_id=barcodes_fish H+(2,10),h-(0,-1) c1
4	807c854b-fadf-411e-ab3b-f2adad9f37c8 runid=ed1de13037eb1bcfeefc20d46af38743bdac68e6 read=17570 ch=17 start_time=2020-02-10T18:06:31Z flow_cell_id=ACE547 protocol_group_id=barcode_test sample_id=barcodes_fish h+(6),h-(0) c1
4	e97f500d-e3fd-400d-80ce-f15ad4af5b53 runid=ed1de13037eb1bcfeefc20d46af38743bdac68e6 read=2165 ch=95 start_time=2020-02-10T15:49:24Z flow_cell_id=ACE547 protocol_group_id=barcode_test sample_id=barcodes_fish H+(4,8),h-(5,-1) c1
4	425556b7-7aed-4b76-b7e0-8ec6c7afc870 runid=ed1de13037eb1bcfeefc20d46af38743bdac68e6 read=1885 ch=117 start_time=2020-02-10T15:45:58Z flow_cell_id=ACE547 protocol_group_id=barcode_test sample_id=barcodes_fish H+(2,10),H-(2,11) c1
4	0954bc3e-a78b-43d5-85c8-88248961f6c1 runid=ed1de13037eb1bcfeefc20d46af38743bdac68e6 read=12904 ch=73 start_time=2020-02-10T17:34:14Z flow_cell_id=ACE547 protocol_group_id=barcode_test sample_id=barcodes_fish h+(4),h-(4) c1
4	1e248c19-70d8-4ce1-8bab-60cfba71fc91 runid=ed1de13037eb1bcfeefc20d46af38743bdac68e6 read=13982 ch=41 start_time=2020-02-10T17:35:45Z flow_cell_id=ACE547 protocol_group_id=barcode_test sample_id=barcodes_fish H+(1,9),H-(5,11) c1
4	e481493c-1c4b-4c76-99b0-d791cc16a170 runid=ed1de13037eb1bcfeefc20d46af38743bdac68e6 read=1589 ch=66 start_time=2020-02-10T15:44:10Z flow_cell_id=ACE547 protocol_group_id=barcode_test sample_id=barcodes_fish H+(5,8),H-(2,11) c1
4	37576921-3ec5-4174-a6ce-626a749c2bb0 runid=ed1de13037eb1bcfeefc20d46af38743bdac68e6 read=19132 ch=81 start_time=2020-02-10T18:07:51Z flow_cell_id=ACE547 protocol_group_id=barcode_test sample_id=barcodes_fish H+(1,11),H-(5,10) c1
4	515c60b8-85be-4520-a7ea-94389c14c414 runid=ed1de13037eb1bcfeefc20d46af38743bdac68e6 read=17167 ch=110 start_time=2020-02-10T18:01:31Z flow_cell_id=ACE547 protocol_group_id=barcode_test sample_id=barcodes_fish H+(1,11),H-(3,11) c1
4	5efe3356-87fa-4615-b99f-678ea41be1a4 runid=ed1de13037eb1bcfeefc20d46af38743bdac68e6 read=5668 ch=35 start_time=2020-02-10T17:48:36Z flow_cell_id=ACE547 protocol_group_id=barcode_test sample_id=barcodes_fish H+(0,8),h-(3,-1) c1
4	efb76f0d-1116-4db4-9163-56bfc060e505 runid=ed1de13037eb1bcfeefc20d46af38743bdac68e6 read=13990 ch=58 start_time=2020-02-10T17:46:40Z flow_cell_id=ACE547 protocol_group_id=barcode_test sample_id=barcodes_fish h+(3),h-(0) c1
4	c1ec031c-d7d2-4c60-b192-1523827a6cc7 runid=ed1de13037eb1bcfeefc20d46af38743bdac68e6 read=16212 ch=110 start_time=2020-02-10T17:52:52Z flow_cell_id=ACE547 protocol_group_id=barcode_test sample_id=barcodes_fish H+(5,9),H-(2,11) c1
4	e61d1049-d27e-4cef-ab83-6e810e142fb1 runid=ed1de13037eb1bcfeefc20d46af38743bdac68e6 read=19324 ch=25 start_time=2020-02-10T18:08:01Z flow_cell_id=ACE547 protocol_group_id=barcode_test sample_id=barcodes_fish H+(2,11),H-(3,11) c1
4	dadeb503-648c-4749-86a2-6eb79f1fc086 runid=ed1de13037eb1bcfeefc20d46af38743bdac68e6 read=16729 ch=110 start_time=2020-02-10T17:57:37Z flow_cell_id=ACE547 protocol_group_id=barcode_test sample_id=barcodes_fish H+(4,7),H-(3,8) c1
4	baa3ab1f-5bc2-49bb-9b22-d3c20b7ec033 runid=ed1de13037eb1bcfeefc20d46af38743bdac68e6 read=12812 ch=61 start_time=2020-02-10T17:22:02Z flow_cell_id=ACE547 protocol_group_id=barcode_test sample_id=barcodes_fish h+(0),h-(1) c1
4	5729c787-ca6c-4df4-a69e-557da1e18996 runid=ed1de13037eb1bcfeefc20d46af38743bdac68e6 read=16189 ch=40 start_time=2020-02-10T17:46:26Z flow_cell_id=ACE547 protocol_group_id=barcode_test sample_id=barcodes_fish h+(5),h-(3) c1
4	cc89dbb8-25e1-4436-8db6-c7ad5626c278 runid=ed1de13037eb1bcfeefc20d46af38743bdac68e6 read=1723 ch=17 start_time=2020-02-10T15:46:41Z flow_cell_id=ACE547 protocol_group_id=barcode_test sample_id=barcodes_fish H+(2,10),h-(3,-1) c1
4	805cc21f-3127-4b9d-8b7a-77733d72443d runid=ed1de13037eb1bcfeefc20d46af38743bdac68e6 read=11554 ch=73 start_time=2020-02-10T17:22:09Z flow_cell_id=ACE547 protocol_group_id=barcode_test sample_id=barcodes_fish h+(5),h-(2) c1
4	2e3d386c-850c-47c2-bdef-a0ecdd4daa26 runid=ed1de13037eb1bcfeefc20d46af38743bdac68e6 read=16353 ch=69 start_time=2020-02-10T17:52:42Z flow_cell_id=ACE547 protocol_group_id=barcode_test sample_id=barcodes_fish h+(2),h-(0) c1
4	efc79c57-d5e6-4bd9-b8ad-0973d834d813 runid=ed1de13037eb1bcfeefc20d46af38743bdac68e6 read=15659 ch=81 start_time=2020-02-10T17:37:19Z flow_cell_id=ACE547 protocol_group_id=barcode_test sample_id=barcodes_fish H+(3,8),h-(3,-1) c1
4	3e2189ec-3b33-486a-bddd-adb27569ffff runid=ed1de13037eb1bcfeefc20d46af38743bdac68e6 read=3723 ch=122 start_time=2020-02-10T17:32:34Z flow_cell_id=ACE547 protocol_group_id=barcode_test sample_id=barcodes_fish h+(2),h-(4) c1
4	36d4d499-b36d-4311-bb28-852939cb6089 runid=ed1de13037eb1bcfeefc20d46af38743bdac68e6 read=13323 ch=5 start_time=2020-02-10T17:20:59Z flow_cell_id=ACE547 protocol_group_id=barcode_test sample_id=barcodes_fish H+(5,11),H-(4,8) c1
4	38a70c81-ff8a-4de7-97e2-39eed8d545df runid=ed1de13037eb1bcfeefc20d46af38743bdac68e6 read=1449 ch=105 start_time=2020-02-10T15:43:40Z flow_cell_id=ACE547 protocol_group_id=barcode_test sample_id=barcodes_fish H+(1,8),h-(0,-1) c1
4	c930c47e-ad01-4239-b601-88db959e1b29 runid=ed1de13037eb1bcfeefc20d46af38743bdac68e6 read=1980 ch=46 start_time=2020-02-10T15:48:25Z flow_cell_id=ACE547 protocol_group_id=barcode_test sample_id=barcodes_fish H+(4,9),H-(0,8) c1
4	4af4d88d-c963-46af-a436-e5311a67d189 runid=ed1de13037eb1bcfeefc20d46af38743bdac68e6 read=17562 ch=5 start_time=2020-02-10T17:56:08Z flow_cell_id=ACE547 protocol_group_id=barcode_test sample_id=barcodes_fish H+(1,10),H-(1,9) c1
4	0fa20efa-7479-469b-a99b-ae84987e4436 runid=ed1de13037eb1bcfeefc20d46af38743bdac68e6 read=18505 ch=7 start_time=2020-02-10T18:14:19Z flow_cell_id=ACE547 protocol_group_id=barcode_test sample_id=barcodes_fish H+(4,9),H-(1,8) c1
4	03465879-4329-434b-a999-ba1665f3d329 runid=ed1de13037eb1bcfeefc20d46af38743bdac68e6 read=15023 ch=7 start_time=2020-02-10T17:44:20Z flow_cell_id=ACE547 protocol_group_id=barcode_test sample_id=barcodes_fish H+(0,10),H-(0,9) c1
4	ebfa17e0-dfee-42ab-b45e-c800a0607f3c runid=ed1de13037eb1bcfeefc20d46af38743bdac68e6 read=12759 ch=73 start_time=2020-02-10T17:32:56Z flow_cell_id=ACE547 protocol_group_id=barcode_test sample_id=barcodes_fish h+(4),h-(2) c1
4	53213801-881a-4018-8a56-caa6826b4cd5 runid=ed1de13037eb1bcfeefc20d46af38743bdac68e6 read=16168 ch=31 start_time=2020-02-10T17:50:44Z flow_cell_id=ACE547 protocol_group_id=barcode_test sample_id=barcodes_fish h+(0),h-(3) c1
4	023e522f-deb0-4673-aac4-5ef01ca08728 runid=ed1de13037eb1bcfeefc20d46af38743bdac68e6 read=1348 ch=85 start_time=2020-02-10T15:44:14Z flow_cell_id=ACE547 protocol_group_id=barcode_test sample_id=barcodes_fish H+(0,10),H-(4,10) c1
4	a7bf9fa1-70d9-4c70-a23c-814f288d18f4 runid=ed1de13037eb1bcfeefc20d46af38743bdac68e6 read=18129 ch=96 start_time=2020-02-10T17:41:54Z flow_cell_id=ACE547 protocol_group_id=barcode_test sample_id=barcodes_fish H+(0,8),H-(0,10) c1
4	52bb80dd-5012-43f7-b819-270cbfc4ee90 runid=ed1de13037eb1bcfeefc20d46af38743bdac68e6 read=15575 ch=15 start_time=2020-02-10T17:48:21Z flow_cell_id=ACE547 protocol_group_id=barcode_test sample_id=barcodes_fish H+(6,10),H-(2,11) c1
4	6f9b66e6-b2ba-413e-a2f4-2454c5962101 runid=ed1de13037eb1bcfeefc20d46af38743bdac68e6 read=18221 ch=34 start_time=2020-02-10T18:06:55Z flow_cell_id=ACE547 protocol_group_id=barcode_test sample_id=barcodes_fish H+(2,11),H-(1,10) c1
4	cea945c0-58f9-4b10-bde0-5093514be642 runid=ed1de13037eb1bcfeefc20d46af38743bdac68e6 read=16034 ch=95 start_time=2020-02-10T17:46:10Z flow_cell_id=ACE547 protocol_group_id=barcode_test sample_id=barcodes_fish H+(4,8),h-(1,-1) c1
4	be29592d-f96d-4400-93b4-bdf0cb995dd5 runid=ed1de13037eb1bcfeefc20d46af38743bdac68e6 read=14497 ch=69 start_time=2020-02-10T17:36:37Z flow_cell_id=ACE547 protocol_group_id=barcode_test sample_id=barcodes_fish H+(3,10),h-(3,-1) c1
4	b9e68721-469b-419b-ab74-b5bce44af950 runid=ed1de13037eb1bcfeefc20d46af38743bdac68e6 read=13568 ch=108 start_time=2020-02-10T17:29:11Z flow_cell_id=ACE547 protocol_group_id=barcode_test sample_id=barcodes_fish H+(4,9),H-(3,8) c1
4	cb21d161-8645-4fc9-92ef-293b3c72fb7b runid=ed1de13037eb1bcfeefc20d46af38743bdac68e6 read=17757 ch=45 start_time=2020-02-10T18:06:02Z flow_cell_id=ACE547 protocol_group_id=barcode_test sample_id=barcodes_fish h+(4),h-(4) c1
4	4c32e89a-4a0d-4aa5-8396-40c6580dfd27 runid=ed1de13037eb1bcfeefc20d46af38743bdac68e6 read=15117 ch=85 start_time=2020-02-10T17:43:32Z flow_cell_id=ACE547 protocol_group_id=barcode_test sample_id=barcodes_fish H+(2,10),h-(6,-1) c1
4	62987b6b-c512-440e-bd57-584d92984c5a runid=ed1de13037eb1bcfeefc20d46af38743bdac68e6 read=11963 ch=7 start_time=2020-02-10T17:17:13Z flow_cell_id=ACE547 protocol_group_id=barcode_test sample_id=barcodes_fish h+(2),h-(1) c1
4	5059bc59-4298-4cd5-a70e-de49e64ebd38 runid=ed1de13037eb1bcfeefc20d46af38743bdac68e6 read=18708 ch=61 start_time=2020-02-10T18:09:15Z flow_cell_id=ACE547 protocol_group_id=barcode_test sample_id=barcodes_fish H+(3,11),H-(4,11) c1
4	579d2258-41de-465b-9d8f-83abe7f46490 runid=ed1de13037eb1bcfeefc20d46af38743bdac68e6 read=13222 ch=43 start_time=2020-02-10T17:28:49Z flow_cell_id=ACE547 protocol_group_id=barcode_test sample_id=barcodes_fish H+(5,11),H-(3,9) c1
4	76de6a69-15ed-40d4-a304-f076ee5cf053 runid=ed1de13037eb1bcfeefc20d46af38743bdac68e6 read=14841 ch=26 start_time=2020-02-10T17:35:13Z flow_cell_id=ACE547 protocol_group_id=barcode_test sample_id=barcodes_fish H+(4,9),H-(1,9) c1
4	653f05b7-8806-4ba7-bf52-a1500f1a355a runid=ed1de13037eb1bcfeefc20d46af38743bdac68e6 read=18000 ch=17 start_time=2020-02-10T18:10:01Z flow_cell_id=ACE547 protocol_group_id=barcode_test sample_id=barcodes_fish H+(4,9),h-(1,-1) c1
4	3388e8c1-b810-44e4-8388-f99d281d128a runid=ed1de13037eb1bcfeefc20d46af38743bdac68e6 read=13338 ch=69 start_time=2020-02-10T17:26:52Z flow_cell_id=ACE547 protocol_group_id=barcode_test sample_id=barcodes_fish H+(2,11),H-(3,10) c1
4	038d2bcf-4653-4dac-a92d-d7e0e0dab84d runid=ed1de13037eb1bcfeefc20d46af38743bdac68e6 read=1921 ch=124 start_time=2020-02-10T15:48:36Z flow_cell_id=ACE547 protocol_group_id=barcode_test sample_id=barcodes_fish h+(6),h-(1) c1
4	c0de34fc-d4be-4750-9de1-67ca639586a5 runid=ed1de13037eb1bcfeefc20d46af38743bdac68e6 read=14908 ch=68 start_time=2020-02-10T17:38:06Z flow_cell_id=ACE547 protocol_group_id=barcode_test sample_id=barcodes_fish H+(1,6),H-(4,10) c1
4	12da4b9f-4624-4542-a2af-33ae565f2a7b runid=ed1de13037eb1bcfeefc20d46af38743bdac68e6 read=13540 ch=59 start_time=2020-02-10T17:30:58Z flow_cell_id=ACE547 protocol_group_id=barcode_test sample_id=barcodes_fish h+(4),h-(1) c1
406	1e8a712f-bb70-48ca-bcb4-e7e6fa8163f0 runid=ed1de13037eb1bcfeefc20d46af38743bdac68e6 read=12079 ch=7 start_time=2020-02-10T17:18:20Z flow_cell_id=ACE547 protocol_group_id=barcode_test sample_id=barcodes_fish h-(4),h+(5) c1
406	e6a14bae-8992-42d2-9301-9d4471f991b0 runid=ed1de13037eb1bcfeefc20d46af38743bdac68e6 read=16956 ch=58 start_time=2020-02-10T18:15:14Z flow_cell_id=ACE547 protocol_group_id=barcode_test sample_id=barcodes_fish H-(5,10),H+(2,8) c1
406	7e204a8c-9d50-4daa-a1e5-0fc7d2d98102 runid=ed1de13037eb1bcfeefc20d46af38743bdac68e6 read=14850 ch=95 start_time=2020-02-10T17:36:24Z flow_cell_id=ACE547 protocol_group_id=barcode_test sample_id=barcodes_fish H-(6,7),h+(2,-1) c1
406	47dada19-cfc9-45bd-a64d-2a9a533469b3 runid=ed1de13037eb1bcfeefc20d46af38743bdac68e6 read=17818 ch=105 start_time=2020-02-10T17:54:40Z flow_cell_id=ACE547 protocol_group_id=barcode_test sample_id=barcodes_fish H-(1,11),H+(1,8) c1
406	16c1ba53-d7a6-4de4-9281-9864354859f2 runid=ed1de13037eb1bcfeefc20d46af38743bdac68e6 read=15353 ch=110 start_time=2020-02-10T17:45:36Z flow_cell_id=ACE547 protocol_group_id=barcode_test sample_id=barcodes_fish H-(2,11),H+(1,9) c1
406	894cf3c1-76ff-4c16-a751-68331043a3a6 runid=ed1de13037eb1bcfeefc20d46af38743bdac68e6 read=18663 ch=54 start_time=2020-02-10T18:05:59Z flow_cell_id=ACE547 protocol_group_id=barcode_test sample_id=barcodes_fish h-(2),h+(6) c1
406	c090d89a-7be6-4a22-a1e5-da4c280aa3ff runid=ed1de13037eb1bcfeefc20d46af38743bdac68e6 read=2129 ch=69 start_time=2020-02-10T15:49:18Z flow_cell_id=ACE547 protocol_group_id=barcode_test sample_id=barcodes_fish H-(0,11),H+(3,7) c1
406	eb31fe39-f3ad-4530-b4ed-95fca1a9314a runid=ed1de13037eb1bcfeefc20d46af38743bdac68e6 read=16751 ch=60 start_time=2020-02-10T17:53:04Z flow_cell_id=ACE547 protocol_group_id=barcode_test sample_id=barcodes_fish H-(2,10),H+(5,9) c1
406	6b0831c1-7bb8-4ebe-bdb3-79dd0146dd90 runid=ed1de13037eb1bcfeefc20d46af38743bdac68e6 read=1774 ch=105 start_time=2020-02-10T15:46:01Z flow_cell_id=ACE547 protocol_group_id=barcode_test sample_id=barcodes_fish H-(0,11),H+(3,7) c1
406	029a9f5f-caf7-4745-8351-390244ec9696 runid=ed1de13037eb1bcfeefc20d46af38743bdac68e6 read=14952 ch=95 start_time=2020-02-10T17:37:08Z flow_cell_id=ACE547 protocol_group_id=barcode_test sample_id=barcodes_fish H-(4,6),h+(5,-1) c1
406	c7781255-340c-48be-bca7-3f652f76ad8f runid=ed1de13037eb1bcfeefc20d46af38743bdac68e6 read=17661 ch=121 start_time=2020-02-10T18:06:54Z flow_cell_id=ACE547 protocol_group_id=barcode_test sample_id=barcodes_fish h-(0),h+(2) c1
406	c091746e-e265-4c8c-9026-a5fcaf4bb2f5 runid=ed1de13037eb1bcfeefc20d46af38743bdac68e6 read=14164 ch=89 start_time=2020-02-10T17:33:49Z flow_cell_id=ACE547 protocol_group_id=barcode_test sample_id=barcodes_fish h-(6),h+(4) c1
406	00b1ced1-c269-4393-bad7-d02e1af1a53f runid=ed1de13037eb1bcfeefc20d46af38743bdac68e6 read=15852 ch=104 start_time=2020-02-10T17:22:44Z flow_cell_id=ACE547 protocol_group_id=barcode_test sample_id=barcodes_fish H-(4,7),H+(5,11) c1
406	36185fba-6949-49a7-9007-121c8be94185 runid=ed1de13037eb1bcfeefc20d46af38743bdac68e6 read=16653 ch=40 start_time=2020-02-10T17:50:09Z flow_cell_id=ACE547 protocol_group_id=barcode_test sample_id=barcodes_fish H-(5,10),H+(2,10) c1
406	f2460789-900d-40ef-beb4-8a894b239e6d runid=ed1de13037eb1bcfeefc20d46af38743bdac68e6 read=1819 ch=35 start_time=2020-02-10T17:17:40Z flow_cell_id=ACE547 protocol_group_id=barcode_test sample_id=barcodes_fish H-(5,7),H+(5,11) c1
406	664ea1d6-b180-4ca2-8e9d-df15b1bf3ed1 runid=ed1de13037eb1bcfeefc20d46af38743bdac68e6 read=4384 ch=35 start_time=2020-02-10T17:38:23Z flow_cell_id=ACE547 protocol_group_id=barcode_test sample_id=barcodes_fish h-(3),h+(5) c1
406	c516af72-a93c-4be6-ba5e-599d75452adf runid=ed1de13037eb1bcfeefc20d46af38743bdac68e6 read=13224 ch=94 start_time=2020-02-10T17:17:57Z flow_cell_id=ACE547 protocol_group_id=barcode_test sample_id=barcodes_fish H-(6,7),H+(3,6) c1
406	7c4ed7f2-4a0b-4116-817e-a064433ae8a2 runid=ed1de13037eb1bcfeefc20d46af38743bdac68e6 read=14836 ch=48 start_time=2020-02-10T17:36:14Z flow_cell_id=ACE547 protocol_group_id=barcode_test sample_id=barcodes_fish h-(6),h+(3) c1
406	b5512955-6428-436c-8fc7-fc4317e95a7c runid=ed1de13037eb1bcfeefc20d46af38743bdac68e6 read=14352 ch=17 start_time=2020-02-10T17:36:54Z flow_cell_id=ACE547 protocol_group_id=barcode_test sample_id=barcodes_fish H-(6,11),H+(1,9) c1
406	2a48c2af-3244-48aa-af15-3f21f6608d58 runid=ed1de13037eb1bcfeefc20d46af38743bdac68e6 read=15853 ch=17 start_time=2020-02-10T17:50:45Z flow_cell_id=ACE547 protocol_group_id=barcode_test sample_id=barcodes_fish H-(1,9),H+(3,9) c1
406	28064729-ea48-462c-a728-10c14a9e22a5 runid=ed1de13037eb1bcfeefc20d46af38743bdac68e6 read=18095 ch=81 start_time=2020-02-10T17:57:47Z flow_cell_id=ACE547 protocol_group_id=barcode_test sample_id=barcodes_fish H-(0,9),H+(4,8) c1
406	1beaaef4-c43d-489b-899a-89df62e42a03 runid=ed1de13037eb1bcfeefc20d46af38743bdac68e6 read=14035 ch=125 start_time=2020-02-10T17:31:29Z flow_cell_id=ACE547 protocol_group_id=barcode_test sample_id=barcodes_fish h-(1),h+(5) c1
406	94826348-8cc2-4613-97b5-f6e891c7a4e8 runid=ed1de13037eb1bcfeefc20d46af38743bdac68e6 read=17384 ch=85 start_time=2020-02-10T18:04:01Z flow_cell_id=ACE547 protocol_group_id=barcode_test sample_id=barcodes_fish H-(4,8),H+(5,10) c1
406	34d02ee6-2ce2-4cd2-9de9-3d6dd6ca4994 runid=ed1de13037eb1bcfeefc20d46af38743bdac68e6 read=17930 ch=95 start_time=2020-02-10T18:02:46Z flow_cell_id=ACE547 protocol_group_id=barcode_test sample_id=barcodes_fish H-(4,9),h+(1,-1) c1
406	bfd457b8-9cc2-43f5-bc6a-29abc38f62d9 runid=ed1de13037eb1bcfeefc20d46af38743bdac68e6 read=18361 ch=17 start_time=2020-02-10T18:13:06Z flow_cell_id=ACE547 protocol_group_id=barcode_test sample_id=barcodes_fish H-(5,7),h+(5,-1) c1
406	b306fcad-3590-4e73-8030-8800fae998aa runid=ed1de13037eb1bcfeefc20d46af38743bdac68e6 read=12728 ch=91 start_time=2020-02-10T17:35:43Z flow_cell_id=ACE547 protocol_group_id=barcode_test sample_id=barcodes_fish H-(0,11),H+(5,9) c1
406	25ff7539-43d1-42bf-b54e-d57ae8305c36 runid=ed1de13037eb1bcfeefc20d46af38743bdac68e6 read=17570 ch=103 start_time=2020-02-10T18:00:02Z flow_cell_id=ACE547 protocol_group_id=barcode_test sample_id=barcodes_fish H-(1,10),H+(1,9) c1
406	27b00239-d0df-4bd6-a7f3-13975cac909e runid=ed1de13037eb1bcfeefc20d46af38743bdac68e6 read=120 ch=111 start_time=2020-02-10T15:33:54Z flow_cell_id=ACE547 protocol_group_id=barcode_test sample_id=barcodes_fish H-(1,9),H+(2,8) c1
406	18eafad9-b4a3-4613-9d84-7be305d8e3fb runid=ed1de13037eb1bcfeefc20d46af38743bdac68e6 read=12031 ch=7 start_time=2020-02-10T17:17:52Z flow_cell_id=ACE547 protocol_group_id=barcode_test sample_id=barcodes_fish H-(1,10),h+(2,-1) c1
406	eaecd94a-5167-48be-8d6f-c534dbe86764 runid=ed1de13037eb1bcfeefc20d46af38743bdac68e6 read=5361 ch=35 start_time=2020-02-10T17:46:13Z flow_cell_id=ACE547 protocol_group_id=barcode_test sample_id=barcodes_fish H-(6,7),H+(6,9) c1
406	8acb198c-183f-4fb6-a521-0e6eb5cf234a runid=ed1de13037eb1bcfeefc20d46af38743bdac68e6 read=17495 ch=105 start_time=2020-02-10T17:51:44Z flow_cell_id=ACE547 protocol_group_id=barcode_test sample_id=barcodes_fish H-(3,6),H+(4,10) c1
406	6627c62d-f572-4765-b01b-d09f2fe6bacb runid=ed1de13037eb1bcfeefc20d46af38743bdac68e6 read=15915 ch=124 start_time=2020-02-10T17:51:21Z flow_cell_id=ACE547 protocol_group_id=barcode_test sample_id=barcodes_fish H-(5,10),H+(3,10) c1
406	b72eb02c-f05f-46ed-9fa5-9e281a09984a runid=ed1de13037eb1bcfeefc20d46af38743bdac68e6 read=14114 ch=25 start_time=2020-02-10T17:25:06Z flow_cell_id=ACE547 protocol_group_id=barcode_test sample_id=barcodes_fish H-(5,8),h+(4,-1) c1
406	cdd842b7-8c8a-43da-b169-4601e95dd70b runid=ed1de13037eb1bcfeefc20d46af38743bdac68e6 read=13569 ch=103 start_time=2020-02-10T17:25:35Z flow_cell_id=ACE547 protocol_group_id=barcode_test sample_id=barcodes_fish H-(2,10),H+(1,11) c1
406	d8807d63-cffa-4f11-af1f-e2d61c811d28 runid=ed1de13037eb1bcfeefc20d46af38743bdac68e6 read=14668 ch=105 start_time=2020-02-10T17:29:08Z flow_cell_id=ACE547 protocol_group_id=barcode_test sample_id=barcodes_fish H-(2,9),H+(3,8) c1
406	711283da-bfb0-4cdd-a803-0b6aca176477 runid=ed1de13037eb1bcfeefc20d46af38743bdac68e6 read=11529 ch=91 start_time=2020-02-10T17:25:43Z flow_cell_id=ACE547 protocol_group_id=barcode_test sample_id=barcodes_fish H-(4,9),H+(1,11) c1
406	ee692228-eda7-40c2-8177-1c08d2512e87 runid=ed1de13037eb1bcfeefc20d46af38743bdac68e6 read=14967 ch=99 start_time=2020-02-10T18:12:17Z flow_cell_id=ACE547 protocol_group_id=barcode_test sample_id=barcodes_fish h-(5),h+(4) c1
406	9d14dfcf-bc21-4070-8615-367249b7d6b7 runid=ed1de13037eb1bcfeefc20d46af38743bdac68e6 read=15258 ch=91 start_time=2020-02-10T17:56:40Z flow_cell_id=ACE547 protocol_group_id=barcode_test sample_id=barcodes_fish H-(6,10),h+(0,-1) c1
406	81778325-00e1-4eaa-a66d-2c1d351aa703 runid=ed1de13037eb1bcfeefc20d46af38743bdac68e6 read=13979 ch=90 start_time=2020-02-10T17:30:24Z flow_cell_id=ACE547 protocol_group_id=barcode_test sample_id=barcodes_fish H-(5,8),H+(3,11) c1
406	50c3f314-0636-4ccd-b139-6055b8ed0155 runid=ed1de13037eb1bcfeefc20d46af38743bdac68e6 read=16544 ch=68 start_time=2020-02-10T17:52:22Z flow_cell_id=ACE547 protocol_group_id=barcode_test sample_id=barcodes_fish h-(2),h+(2) c1
406	a2f8c47a-e952-41a4-9e7d-f0401d3694cf runid=ed1de13037eb1bcfeefc20d46af38743bdac68e6 read=17282 ch=124 start_time=2020-02-10T18:03:59Z flow_cell_id=ACE547 protocol_group_id=barcode_test sample_id=barcodes_fish H-(2,11),h+(2,-1) c1
406	ec4d6980-cb28-462a-91df-84c20608e460 runid=ed1de13037eb1bcfeefc20d46af38743bdac68e6 read=15376 ch=14 start_time=2020-02-10T17:39:29Z flow_cell_id=ACE547 protocol_group_id=barcode_test sample_id=barcodes_fish H-(2,9),H+(4,8) c1
406	86f5f92c-8d4a-44b5-ad66-98271bf75402 runid=ed1de13037eb1bcfeefc20d46af38743bdac68e6 read=2130 ch=84 start_time=2020-02-10T17:19:59Z flow_cell_id=ACE547 protocol_group_id=barcode_test sample_id=barcodes_fish H-(2,10),H+(2,9) c1
406	a913556a-8377-4858-b7fe-1c29e04118b3 runid=ed1de13037eb1bcfeefc20d46af38743bdac68e6 read=18573 ch=26 start_time=2020-02-10T18:04:39Z flow_cell_id=ACE547 protocol_group_id=barcode_test sample_id=barcodes_fish H-(2,7),H+(4,9) c1
406	30d89b70-fefe-43ad-9993-52a357f392a6 runid=ed1de13037eb1bcfeefc20d46af38743bdac68e6 read=12643 ch=93 start_time=2020-02-10T17:18:41Z flow_cell_id=ACE547 protocol_group_id=barcode_test sample_id=barcodes_fish H-(2,9),H+(5,8) c1
406	340abd68-87f1-45de-93c7-785fbff9de04 runid=ed1de13037eb1bcfeefc20d46af38743bdac68e6 read=17417 ch=38 start_time=2020-02-10T17:50:03Z flow_cell_id=ACE547 protocol_group_id=barcode_test sample_id=barcodes_fish H-(4,10),H+(1,8) c1
406	19bb5835-23cc-426d-82db-8832d79bb7e6 runid=ed1de13037eb1bcfeefc20d46af38743bdac68e6 read=17788 ch=124 start_time=2020-02-10T18:08:31Z flow_cell_id=ACE547 protocol_group_id=barcode_test sample_id=barcodes_fish h-(4),h+(1) c1
406	28340b4a-47b5-47f9-871c-fcff81e17215 runid=ed1de13037eb1bcfeefc20d46af38743bdac68e6 read=23202 ch=104 start_time=2020-02-10T18:11:41Z flow_cell_id=ACE547 protocol_group_id=barcode_test sample_id=barcodes_fish H-(4,10),h+(5,-1) c1
406	cd3936af-6a1e-41d1-870b-b93939e3184a runid=ed1de13037eb1bcfeefc20d46af38743bdac68e6 read=17657 ch=15 start_time=2020-02-10T18:06:10Z flow_cell_id=ACE547 protocol_group_id=barcode_test sample_id=barcodes_fish H-(4,8),H+(2,11) c1
406	a87ff32d-4351-41bd-93bb-0a39dbb3faec runid=ed1de13037eb1bcfeefc20d46af38743bdac68e6 read=17548 ch=5 start_time=2020-02-10T17:56:03Z flow_cell_id=ACE547 protocol_group_id=barcode_test sample_id=barcodes_fish h-(4),h+(2) c1
406	ce255c22-9e9e-4901-bde7-8c4cf9fdb7af runid=ed1de13037eb1bcfeefc20d46af38743bdac68e6 read=6201 ch=84 start_time=2020-02-10T17:50:59Z flow_cell_id=ACE547 protocol_group_id=barcode_test sample_id=barcodes_fish h-(5),h+(5) c1
406	fa8d6a61-2d9b-4a40-9955-6a7305afd71e runid=ed1de13037eb1bcfeefc20d46af38743bdac68e6 read=19077 ch=69 start_time=2020-02-10T18:16:14Z flow_cell_id=ACE547 protocol_group_id=barcode_test sample_id=barcodes_fish h-(2),h+(4) c1
406	abac1dee-de89-410b-8ffb-a54f010343cf runid=ed1de13037eb1bcfeefc20d46af38743bdac68e6 read=12975 ch=26 start_time=2020-02-10T17:21:26Z flow_cell_id=ACE547 protocol_group_id=barcode_test sample_id=barcodes_fish H-(2,10),H+(2,9) c1
406	74dfa24a-266e-47d8-8f86-8a81b8be1e00 runid=ed1de13037eb1bcfeefc20d46af38743bdac68e6 read=1927 ch=29 start_time=2020-02-10T15:49:16Z flow_cell_id=ACE547 protocol_group_id=barcode_test sample_id=barcodes_fish H-(4,10),h+(2,-1) c1
406	a18b5a3a-1639-4676-85ea-7cfaf61abb09 runid=ed1de13037eb1bcfeefc20d46af38743bdac68e6 read=20246 ch=120 start_time=2020-02-10T18:13:27Z flow_cell_id=ACE547 protocol_group_id=barcode_test sample_id=barcodes_fish H-(4,11),h+(2,-1) c1
406	145d4030-27b3-4a9f-9680-eeafe99f9b39 runid=ed1de13037eb1bcfeefc20d46af38743bdac68e6 read=16757 ch=103 start_time=2020-02-10T17:53:16Z flow_cell_id=ACE547 protocol_group_id=barcode_test sample_id=barcodes_fish H-(0,10),h+(5,-1) c1
406	358c0958-f3e3-4627-bb7b-3bc11f146ef9 runid=ed1de13037eb1bcfeefc20d46af38743bdac68e6 read=3076 ch=84 start_time=2020-02-10T17:27:10Z flow_cell_id=ACE547 protocol_group_id=barcode_test sample_id=barcodes_fish h-(6),h+(4) c1
406	6f154d53-e5b7-46b5-988b-1a06bbff969c runid=ed1de13037eb1bcfeefc20d46af38743bdac68e6 read=3517 ch=84 start_time=2020-02-10T17:30:48Z flow_cell_id=ACE547 protocol_group_id=barcode_test sample_id=barcodes_fish H-(4,9),h+(5,-1) c1
406	0a9a0abf-4615-4ba0-bdb1-9a8f9c98e38d runid=ed1de13037eb1bcfeefc20d46af38743bdac68e6 read=15680 ch=56 start_time=2020-02-10T17:46:24Z flow_cell_id=ACE547 protocol_group_id=barcode_test sample_id=barcodes_fish H-(1,8),H+(1,9) c1
406	ec4857dc-8da1-445d-a49a-dec687dc6743 runid=ed1de13037eb1bcfeefc20d46af38743bdac68e6 read=13446 ch=14 start_time=2020-02-10T17:23:48Z flow_cell_id=ACE547 protocol_group_id=barcode_test sample_id=barcodes_fish h-(4),h+(3) c1
406	f80e880a-7f66-4259-becf-8e2329e2e2af runid=ed1de13037eb1bcfeefc20d46af38743bdac68e6 read=19856 ch=94 start_time=2020-02-10T18:16:13Z flow_cell_id=ACE547 protocol_group_id=barcode_test sample_id=barcodes_fish h-(5),h+(4) c1
406	8019ee74-6a22-4cff-a854-f277fd941be2 runid=ed1de13037eb1bcfeefc20d46af38743bdac68e6 read=44 ch=51 start_time=2020-02-10T15:33:13Z flow_cell_id=ACE547 protocol_group_id=barcode_test sample_id=barcodes_fish H-(5,11),H+(1,9) c1
406	cb3e4e3f-e136-4daf-9829-be2a3ff89a9b runid=ed1de13037eb1bcfeefc20d46af38743bdac68e6 read=15066 ch=56 start_time=2020-02-10T17:41:02Z flow_cell_id=ACE547 protocol_group_id=barcode_test sample_id=barcodes_fish H-(6,10),H+(1,9) c1
406	000d26e1-498e-4c7e-8935-654475102345 runid=ed1de13037eb1bcfeefc20d46af38743bdac68e6 read=16696 ch=8 start_time=2020-02-10T17:52:26Z flow_cell_id=ACE547 protocol_group_id=barcode_test sample_id=barcodes_fish H-(5,8),h+(1,-1) c1
406	3d4e30ee-447e-4dc5-bd2a-9a59c9fea58a runid=ed1de13037eb1bcfeefc20d46af38743bdac68e6 read=10187 ch=91 start_time=2020-02-10T17:14:48Z flow_cell_id=ACE547 protocol_group_id=barcode_test sample_id=barcodes_fish H-(4,8),H+(3,10) c1
406	aa6bfa7d-aff7-4263-88e7-aaa7d2298d4c runid=ed1de13037eb1bcfeefc20d46af38743bdac68e6 read=17493 ch=43 start_time=2020-02-10T18:06:17Z flow_cell_id=ACE547 protocol_group_id=barcode_test sample_id=barcodes_fish h-(4),h+(6) c1
406	abbdb9fe-7700-42cc-a0c8-ee8b821dd2f8 runid=ed1de13037eb1bcfeefc20d46af38743bdac68e6 read=12702 ch=41 start_time=2020-02-10T17:25:28Z flow_cell_id=ACE547 protocol_group_id=barcode_test sample_id=barcodes_fish h-(6),h+(1) c1
406	3d4ba074-e70c-47ea-b833-51c1d6b41b66 runid=ed1de13037eb1bcfeefc20d46af38743bdac68e6 read=14435 ch=66 start_time=2020-02-10T17:27:31Z flow_cell_id=ACE547 protocol_group_id=barcode_test sample_id=barcodes_fish H-(2,11),H+(6,10) c1
413	3de20c82-55da-4b61-9197-d119c11dc7e6 runid=ed1de13037eb1bcfeefc20d46af38743bdac68e6 read=16927 ch=68 start_time=2020-02-10T17:56:16Z flow_cell_id=ACE547 protocol_group_id=barcode_test sample_id=barcodes_fish H+(3,11),H-(1,7) c1
413	403a25c4-23bb-4c00-bf60-a83852ae5525 runid=ed1de13037eb1bcfeefc20d46af38743bdac68e6 read=1457 ch=56 start_time=2020-02-10T15:44:08Z flow_cell_id=ACE547 protocol_group_id=barcode_test sample_id=barcodes_fish H+(1,11),h-(6,-1) c1
413	699f1caf-0e26-4134-845e-6b683533c62d runid=ed1de13037eb1bcfeefc20d46af38743bdac68e6 read=13003 ch=91 start_time=2020-02-10T17:37:54Z flow_cell_id=ACE547 protocol_group_id=barcode_test sample_id=barcodes_fish H+(0,8),h-(2,-1) c1
413	fab598eb-b57a-40e6-a5fc-6b0357743171 runid=ed1de13037eb1bcfeefc20d46af38743bdac68e6 read=17430 ch=45 start_time=2020-02-10T18:02:59Z flow_cell_id=ACE547 protocol_group_id=barcode_test sample_id=barcodes_fish H+(1,9),H-(0,11) c1
413	92e7a3ef-e192-4ffc-af4e-5436fdf11e06 runid=ed1de13037eb1bcfeefc20d46af38743bdac68e6 read=1935 ch=85 start_time=2020-02-10T15:48:59Z flow_cell_id=ACE547 protocol_group_id=barcode_test sample_id=barcodes_fish H+(5,10),H-(2,10) c1
413	4817d78d-741b-4c9d-9c57-839a5c33f006 runid=ed1de13037eb1bcfeefc20d46af38743bdac68e6 read=4870 ch=84 start_time=2020-02-10T17:41:06Z flow_cell_id=ACE547 protocol_group_id=barcode_test sample_id=barcodes_fish h+(0),h-(1) c1
413	d7514a3b-80ff-490e-993b-202288449111 runid=ed1de13037eb1bcfeefc20d46af38743bdac68e6 read=13443 ch=17 start_time=2020-02-10T17:29:27Z flow_cell_id=ACE547 protocol_group_id=barcode_test sample_id=barcodes_fish H+(3,8),H-(1,10) c1
413	9f4fb151-81c8-4e44-af8c-426bdcfed69f runid=ed1de13037eb1bcfeefc20d46af38743bdac68e6 read=13811 ch=103 start_time=2020-02-10T17:27:43Z flow_cell_id=ACE547 protocol_group_id=barcode_test sample_id=barcodes_fish h+(4),h-(1) c1
413	1d3d1af4-8df8-4390-95a2-25b1d7d876b2 runid=ed1de13037eb1bcfeefc20d46af38743bdac68e6 read=16886 ch=96 start_time=2020-02-10T17:31:22Z flow_cell_id=ACE547 protocol_group_id=barcode_test sample_id=barcodes_fish H+(6,10),h-(0,-1) c1
413	bbcc118e-608f-4fed-a119-91b6c49d41d6 runid=ed1de13037eb1bcfeefc20d46af38743bdac68e6 read=12188 ch=125 start_time=2020-02-10T17:15:04Z flow_cell_id=ACE547 protocol_group_id=barcode_test sample_id=barcodes_fish H+(4,10),h-(2,-1) c1
413	98af9065-bafe-48bc-afdc-0f981a665d53 runid=ed1de13037eb1bcfeefc20d46af38743bdac68e6 read=18251 ch=69 start_time=2020-02-10T18:09:23Z flow_cell_id=ACE547 protocol_group_id=barcode_test sample_id=barcodes_fish H+(4,8),H-(3,9) c1
413	f1001aad-b017-4a3c-81cf-8663886f6071 runid=ed1de13037eb1bcfeefc20d46af38743bdac68e6 read=19128 ch=106 start_time=2020-02-10T18:13:58Z flow_cell_id=ACE547 protocol_group_id=barcode_test sample_id=barcodes_fish H+(3,9),h-(2,-1) c1
413	39615a26-cd5a-44c2-b13d-538fa49756dc runid=ed1de13037eb1bcfeefc20d46af38743bdac68e6 read=19517 ch=40 start_time=2020-02-10T18:14:04Z flow_cell_id=ACE547 protocol_group_id=barcode_test sample_id=barcodes_fish H+(4,10),h-(0,-1) c1
413	3420f9fe-1cd7-4aec-abb7-10f37551d946 runid=ed1de13037eb1bcfeefc20d46af38743bdac68e6 read=14782 ch=5 start_time=2020-02-10T17:33:26Z flow_cell_id=ACE547 protocol_group_id=barcode_test sample_id=barcodes_fish H+(5,11),h-(5,-1) c1
413	1472ff39-9095-4c38-8360-e3241291300b runid=ed1de13037eb1bcfeefc20d46af38743bdac68e6 read=12645 ch=89 start_time=2020-02-10T17:21:18Z flow_cell_id=ACE547 protocol_group_id=barcode_test sample_id=barcodes_fish h+(4),h-(3) c1
413	40658464-7318-4522-bde1-9da6cb73df72 runid=ed1de13037eb1bcfeefc20d46af38743bdac68e6 read=17357 ch=105 start_time=2020-02-10T17:50:45Z flow_cell_id=ACE547 protocol_group_id=barcode_test sample_id=barcodes_fish H+(0,10),H-(2,10) c1
413	305c1dd6-bc60-44ff-97d8-7c25c14f4d66 runid=ed1de13037eb1bcfeefc20d46af38743bdac68e6 read=16750 ch=25 start_time=2020-02-10T17:46:34Z flow_cell_id=ACE547 protocol_group_id=barcode_test sample_id=barcodes_fish H+(5,11),H-(4,9) c1
413	c57c9b07-e51c-4c81-b3fc-cd4a671101ee runid=ed1de13037eb1bcfeefc20d46af38743bdac68e6 read=17311 ch=30 start_time=2020-02-10T17:53:33Z flow_cell_id=ACE547 protocol_group_id=barcode_test sample_id=barcodes_fish H+(2,10),H-(1,7) c1
413	99bb663d-2d22-4e64-bc51-81bc6689acb4 runid=ed1de13037eb1bcfeefc20d46af38743bdac68e6 read=14585 ch=30 start_time=2020-02-10T17:31:05Z flow_cell_id=ACE547 protocol_group_id=barcode_test sample_id=barcodes_fish h+(3),h-(2) c1
413	598e82e1-a871-4a40-8e72-870882507bd8 runid=ed1de13037eb1bcfeefc20d46af38743bdac68e6 read=13230 ch=14 start_time=2020-02-10T17:22:15Z flow_cell_id=ACE547 protocol_group_id=barcode_test sample_id=barcodes_fish H+(6,11),h-(2,-1) c1
413	1371f3e5-b393-4d85-b09f-6318e7177d62 runid=ed1de13037eb1bcfeefc20d46af38743bdac68e6 read=5634 ch=84 start_time=2020-02-10T17:46:52Z flow_cell_id=ACE547 protocol_group_id=barcode_test sample_id=barcodes_fish H+(5,9),H-(6,10) c1
413	a93cb1bc-31f7-4ac2-a7e7-3b42edea3706 runid=ed1de13037eb1bcfeefc20d46af38743bdac68e6 read=12472 ch=83 start_time=2020-02-10T17:26:27Z flow_cell_id=ACE547 protocol_group_id=barcode_test sample_id=barcodes_fish h+(4),h-(3) c1
413	2b8580fd-d81d-457b-bb53-0763e5ca08f5 runid=ed1de13037eb1bcfeefc20d46af38743bdac68e6 read=15948 ch=38 start_time=2020-02-10T17:37:14Z flow_cell_id=ACE547 protocol_group_id=barcode_test sample_id=barcodes_fish H+(0,7),H-(6,10) c1
413	cdefce43-2301-4bff-9371-b43dd68fff82 runid=ed1de13037eb1bcfeefc20d46af38743bdac68e6 read=12361 ch=7 start_time=2020-02-10T17:20:49Z flow_cell_id=ACE547 protocol_group_id=barcode_test sample_id=barcodes_fish H+(5,9),H-(1,11) c1
413	032a703f-e3f4-4c20-9b9c-8f528548ffa9 runid=ed1de13037eb1bcfeefc20d46af38743bdac68e6 read=12567 ch=59 start_time=2020-02-10T17:22:04Z flow_cell_id=ACE547 protocol_group_id=barcode_test sample_id=barcodes_fish h+(0),h-(3) c1
413	d7eafdf9-c57a-4e2c-8fa7-f64d6fa19902 runid=ed1de13037eb1bcfeefc20d46af38743bdac68e6 read=9460 ch=99 start_time=2020-02-10T17:22:18Z flow_cell_id=ACE547 protocol_group_id=barcode_test sample_id=barcodes_fish H+(2,8),H-(5,11) c1
413	1b8fabb5-cf6c-451f-97da-f2bb371ef07c runid=ed1de13037eb1bcfeefc20d46af38743bdac68e6 read=16723 ch=32 start_time=2020-02-10T17:49:25Z flow_cell_id=ACE547 protocol_group_id=barcode_test sample_id=barcodes_fish h+(2),h-(6) c1
413	349bf546-d6f0-4f4c-a858-2769401480ec runid=ed1de13037eb1bcfeefc20d46af38743bdac68e6 read=13935 ch=14 start_time=2020-02-10T17:27:46Z flow_cell_id=ACE547 protocol_group_id=barcode_test sample_id=barcodes_fish h+(0),h-(0) c1
413	f3a7c3cb-bb02-4fee-89b4-d472cf1a6ba8 runid=ed1de13037eb1bcfeefc20d46af38743bdac68e6 read=12378 ch=125 start_time=2020-02-10T17:16:34Z flow_cell_id=ACE547 protocol_group_id=barcode_test sample_id=barcodes_fish H+(5,8),H-(0,9) c1
413	aa41f995-0f96-4137-8ae8-705e405fb1d1 runid=ed1de13037eb1bcfeefc20d46af38743bdac68e6 read=15346 ch=54 start_time=2020-02-10T17:37:07Z flow_cell_id=ACE547 protocol_group_id=barcode_test sample_id=barcodes_fish H+(4,10),h-(4,-1) c1
413	b9dd05bb-1890-48a8-b4ff-dcf55b3786ba runid=ed1de13037eb1bcfeefc20d46af38743bdac68e6 read=9359 ch=99 start_time=2020-02-10T17:21:35Z flow_cell_id=ACE547 protocol_group_id=barcode_test sample_id=barcodes_fish h+(1),h-(1) c1
413	5db25683-97fb-4e9f-9c58-8a0c46346eb3 runid=ed1de13037eb1bcfeefc20d46af38743bdac68e6 read=11994 ch=9 start_time=2020-02-10T17:54:48Z flow_cell_id=ACE547 protocol_group_id=barcode_test sample_id=barcodes_fish H+(3,10),H-(3,11) c1
413	4c73154f-1945-4e55-b849-ee2f2dd031c7 runid=ed1de13037eb1bcfeefc20d46af38743bdac68e6 read=16352 ch=121 start_time=2020-02-10T17:55:04Z flow_cell_id=ACE547 protocol_group_id=barcode_test sample_id=barcodes_fish H+(0,9),H-(1,11) c1
413	9852548e-85e0-4586-88ac-44b8739c4c24 runid=ed1de13037eb1bcfeefc20d46af38743bdac68e6 read=16469 ch=25 start_time=2020-02-10T17:44:21Z flow_cell_id=ACE547 protocol_group_id=barcode_test sample_id=barcodes_fish H+(4,11),H-(5,11) c1
413	38af8b05-2fd7-43ff-972f-074301fd65de runid=ed1de13037eb1bcfeefc20d46af38743bdac68e6 read=15441 ch=124 start_time=2020-02-10T17:46:56Z flow_cell_id=ACE547 protocol_group_id=barcode_test sample_id=barcodes_fish h+(5),h-(6) c1
413	3746f339-4769-4ea7-b5cd-46751b5a0ef1 runid=ed1de13037eb1bcfeefc20d46af38743bdac68e6 read=19421 ch=95 start_time=2020-02-10T18:15:22Z flow_cell_id=ACE547 protocol_group_id=barcode_test sample_id=barcodes_fish H+(0,10),H-(1,10) c1
413	6b863d0f-49ee-48b8-859c-cc88a5d5a5dc runid=ed1de13037eb1bcfeefc20d46af38743bdac68e6 read=18347 ch=104 start_time=2020-02-10T17:39:00Z flow_cell_id=ACE547 protocol_group_id=barcode_test sample_id=barcodes_fish h+(6),h-(3) c1
413	127e7602-47b2-4fc6-9ae9-49be9d893a35 runid=ed1de13037eb1bcfeefc20d46af38743bdac68e6 read=20015 ch=96 start_time=2020-02-10T17:58:58Z flow_cell_id=ACE547 protocol_group_id=barcode_test sample_id=barcodes_fish H+(5,9),H-(4,11) c1
413	3ae4563e-ea63-4296-bf4c-560dae3ffb0b runid=ed1de13037eb1bcfeefc20d46af38743bdac68e6 read=14068 ch=9 start_time=2020-02-10T18:11:48Z flow_cell_id=ACE547 protocol_group_id=barcode_test sample_id=barcodes_fish h+(0),h-(1) c1
413	9aae6d24-b0d9-4ec0-8c60-0f4dbca4b349 runid=ed1de13037eb1bcfeefc20d46af38743bdac68e6 read=19632 ch=120 start_time=2020-02-10T18:08:59Z flow_cell_id=ACE547 protocol_group_id=barcode_test sample_id=barcodes_fish H+(2,8),H-(3,10) c1
413	b1635dd4-9ecf-4fdb-acdb-7c0308c2f54c runid=ed1de13037eb1bcfeefc20d46af38743bdac68e6 read=14855 ch=26 start_time=2020-02-10T17:35:23Z flow_cell_id=ACE547 protocol_group_id=barcode_test sample_id=barcodes_fish H+(5,10),h-(5,-1) c1
413	c02f96cb-7c3a-478b-af1a-24c7d4d13689 runid=ed1de13037eb1bcfeefc20d46af38743bdac68e6 read=11633 ch=91 start_time=2020-02-10T17:26:42Z flow_cell_id=ACE547 protocol_group_id=barcode_test sample_id=barcodes_fish H+(4,11),h-(0,-1) c1
413	ee61dbb8-e461-42ce-8110-894a18dd2e1c runid=ed1de13037eb1bcfeefc20d46af38743bdac68e6 read=1686 ch=61 start_time=2020-02-10T15:45:32Z flow_cell_id=ACE547 protocol_group_id=barcode_test sample_id=barcodes_fish H+(2,10),H-(4,8) c1
413	fc95e431-1462-4973-a38e-f0fb98b45464 runid=ed1de13037eb1bcfeefc20d46af38743bdac68e6 read=3950 ch=84 start_time=2020-02-10T17:34:12Z flow_cell_id=ACE547 protocol_group_id=barcode_test sample_id=barcodes_fish H+(6,9),h-(1,-1) c1
413	cdfa35e6-32d1-49fe-b9a3-ed48077c536e runid=ed1de13037eb1bcfeefc20d46af38743bdac68e6 read=18360 ch=14 start_time=2020-02-10T18:05:12Z flow_cell_id=ACE547 protocol_group_id=barcode_test sample_id=barcodes_fish H+(4,9),h-(2,-1) c1
413	60304e73-93f2-46e9-9881-f62f20c586eb runid=ed1de13037eb1bcfeefc20d46af38743bdac68e6 read=13105 ch=73 start_time=2020-02-10T17:36:08Z flow_cell_id=ACE547 protocol_group_id=barcode_test sample_id=barcodes_fish H+(5,11),H-(1,8) c1
413	2d1f702c-87ca-4cab-b239-deb98e978abf runid=ed1de13037eb1bcfeefc20d46af38743bdac68e6 read=1934 ch=10 start_time=2020-02-10T15:47:21Z flow_cell_id=ACE547 protocol_group_id=barcode_test sample_id=barcodes_fish H+(3,10),h-(1,-1) c1
413	bbf6e0c0-c57e-4629-bc93-0bcbdc196d8a runid=ed1de13037eb1bcfeefc20d46af38743bdac68e6 read=16154 ch=60 start_time=2020-02-10T17:47:46Z flow_cell_id=ACE547 protocol_group_id=barcode_test sample_id=barcodes_fish H+(2,7),H-(2,9) c1
413	ce881a95-6d69-4b8e-868f-ca038a0394a1 runid=ed1de13037eb1bcfeefc20d46af38743bdac68e6 read=12411 ch=4 start_time=2020-02-10T17:28:32Z flow_cell_id=ACE547 protocol_group_id=barcode_test sample_id=barcodes_fish H+(2,9),h-(5,-1) c1
413	a92d7933-417c-42e4-90ca-1db962557cb4 runid=ed1de13037eb1bcfeefc20d46af38743bdac68e6 read=13327 ch=89 start_time=2020-02-10T17:26:44Z flow_cell_id=ACE547 protocol_group_id=barcode_test sample_id=barcodes_fish H+(5,10),H-(5,10) c1
413	63ba6b28-1c4f-4f70-b4d4-521c610fd714 runid=ed1de13037eb1bcfeefc20d46af38743bdac68e6 read=16419 ch=17 start_time=2020-02-10T17:56:15Z flow_cell_id=ACE547 protocol_group_id=barcode_test sample_id=barcodes_fish H+(1,10),H-(5,10) c1
413	78c2777c-67f5-4af1-8a42-ed1bd95ba30b runid=ed1de13037eb1bcfeefc20d46af38743bdac68e6 read=18089 ch=25 start_time=2020-02-10T17:57:40Z flow_cell_id=ACE547 protocol_group_id=barcode_test sample_id=barcodes_fish H+(4,11),h-(5,-1) c1
413	9fc54878-1cfc-4a2a-b78f-fad46ef8f5cb runid=ed1de13037eb1bcfeefc20d46af38743bdac68e6 read=13213 ch=43 start_time=2020-02-10T17:28:46Z flow_cell_id=ACE547 protocol_group_id=barcode_test sample_id=barcodes_fish H+(2,10),H-(2,8) c1
413	1f71ca9b-4555-4255-a06f-cd087ffaf58b runid=ed1de13037eb1bcfeefc20d46af38743bdac68e6 read=2987 ch=122 start_time=2020-02-10T17:26:46Z flow_cell_id=ACE547 protocol_group_id=barcode_test sample_id=barcodes_fish H+(3,8),h-(6,-1) c1
795	fb9df1c9-0422-4d1b-bfe9-701f3c7dda72 runid=ed1de13037eb1bcfeefc20d46af38743bdac68e6 read=16629 ch=91 start_time=2020-02-10T18:08:26Z flow_cell_id=ACE547 protocol_group_id=barcode_test sample_id=barcodes_fish H-(5,11),H+(1,9) c1
795	af04a026-5d5c-4b34-b0fa-810147edccd4 runid=ed1de13037eb1bcfeefc20d46af38743bdac68e6 read=19061 ch=93 start_time=2020-02-10T18:16:14Z flow_cell_id=ACE547 protocol_group_id=barcode_test sample_id=barcodes_fish H-(5,6),h+(3,-1) c1
795	9689711f-516a-4b85-af03-426da923538a runid=ed1de13037eb1bcfeefc20d46af38743bdac68e6 read=8709 ch=9 start_time=2020-02-10T17:26:08Z flow_cell_id=ACE547 protocol_group_id=barcode_test sample_id=barcodes_fish H-(5,10),H+(4,11) c1
795	b9f81495-c5f2-4203-b085-806d6c405ad0 runid=ed1de13037eb1bcfeefc20d46af38743bdac68e6 read=14877 ch=104 start_time=2020-02-10T17:16:11Z flow_cell_id=ACE547 protocol_group_id=barcode_test sample_id=barcodes_fish H-(4,9),H+(3,11) c1
795	cf729978-d0f9-4d15-ba41-b5c58acb9b43 runid=ed1de13037eb1bcfeefc20d46af38743bdac68e6 read=18080 ch=69 start_time=2020-02-10T18:08:00Z flow_cell_id=ACE547 protocol_group_id=barcode_test sample_id=barcodes_fish H-(3,8),h+(5,-1) c1
795	6acb9198-d406-400c-9b97-0cfa155c02e6 runid=ed1de13037eb1bcfeefc20d46af38743bdac68e6 read=15305 ch=83 start_time=2020-02-10T17:52:29Z flow_cell_id=ACE547 protocol_group_id=barcode_test sample_id=barcodes_fish H-(5,9),h+(4,-1) c1
795	ea8887bc-cd79-4045-b26f-438f163135b3 runid=ed1de13037eb1bcfeefc20d46af38743bdac68e6 read=16458 ch=31 start_time=2020-02-10T17:53:16Z flow_cell_id=ACE547 protocol_group_id=barcode_test sample_id=barcodes_fish H-(0,11),H+(3,10) c1
795	8b8c50b1-114d-48c0-ae46-504de8a6f50a runid=ed1de13037eb1bcfeefc20d46af38743bdac68e6 read=14072 ch=14 start_time=2020-02-10T17:28:54Z flow_cell_id=ACE547 protocol_group_id=barcode_test sample_id=barcodes_fish H-(1,9),h+(1,-1) c1
795	179a9804-ac79-4eda-b8f6-0a72d4ad22e0 runid=ed1de13037eb1bcfeefc20d46af38743bdac68e6 read=13829 ch=106 start_time=2020-02-10T17:29:00Z flow_cell_id=ACE547 protocol_group_id=barcode_test sample_id=barcodes_fish H-(5,9),H+(5,10) c1
795	0f8e8594-0d92-4a0a-845e-d3d719ff4b93 runid=ed1de13037eb1bcfeefc20d46af38743bdac68e6 read=1658 ch=125 start_time=2020-02-10T15:45:30Z flow_cell_id=ACE547 protocol_group_id=barcode_test sample_id=barcodes_fish H-(0,10),H+(3,9) c1
795	f578d65e-4ce2-4eac-bbde-27da6a714cea runid=ed1de13037eb1bcfeefc20d46af38743bdac68e6 read=14357 ch=69 start_time=2020-02-10T17:35:17Z flow_cell_id=ACE547 protocol_group_id=barcode_test sample_id=barcodes_fish h-(5),h+(2) c1
795	9ee6249f-1a4a-46ec-a5b4-1e5a6d201edc runid=ed1de13037eb1bcfeefc20d46af38743bdac68e6 read=17580 ch=45 start_time=2020-02-10T18:04:33Z flow_cell_id=ACE547 protocol_group_id=barcode_test sample_id=barcodes_fish H-(4,9),h+(0,-1) c1
795	88ea6498-f252-4356-97b5-dd77ba03e75a runid=ed1de13037eb1bcfeefc20d46af38743bdac68e6 read=15393 ch=106 start_time=2020-02-10T17:41:39Z flow_cell_id=ACE547 protocol_group_id=barcode_test sample_id=barcodes_fish H-(2,11),H+(6,6) c1
795	e462d876-22a4-4fa6-bda1-d3e123a0dfcf runid=ed1de13037eb1bcfeefc20d46af38743bdac68e6 read=9567 ch=9 start_time=2020-02-10T17:33:44Z flow_cell_id=ACE547 protocol_group_id=barcode_test sample_id=barcodes_fish H-(4,9),h+(2,-1) c1
795	ecc5899f-d56e-40b1-b1a6-a34ab521bef7 runid=ed1de13037eb1bcfeefc20d46af38743bdac68e6 read=19847 ch=26 start_time=2020-02-10T18:14:56Z flow_cell_id=ACE547 protocol_group_id=barcode_test sample_id=barcodes_fish h-(3),h+(0) c1
795	b98e83be-3133-4ab9-90a1-41b0f7669f7b runid=ed1de13037eb1bcfeefc20d46af38743bdac68e6 read=17155 ch=115 start_time=2020-02-10T17:53:13Z flow_cell_id=ACE547 protocol_group_id=barcode_test sample_id=barcodes_fish H-(3,9),H+(1,9) c1
795	b012f00b-67de-479c-beb3-42f7699912ff runid=ed1de13037eb1bcfeefc20d46af38743bdac68e6 read=16370 ch=125 start_time=2020-02-10T17:51:23Z flow_cell_id=ACE547 protocol_group_id=barcode_test sample_id=barcodes_fish H-(4,11),H+(5,7) c1
795	6fd30cd3-f678-473a-9275-df048e2bc741 runid=ed1de13037eb1bcfeefc20d46af38743bdac68e6 read=12432 ch=106 start_time=2020-02-10T17:17:35Z flow_cell_id=ACE547 protocol_group_id=barcode_test sample_id=barcodes_fish H-(6,10),h+(5,-1) c1
795	1ed6bf3a-abff-4969-9995-1978df90c797 runid=ed1de13037eb1bcfeefc20d46af38743bdac68e6 read=17376 ch=32 start_time=2020-02-10T17:54:49Z flow_cell_id=ACE547 protocol_group_id=barcode_test sample_id=barcodes_fish H-(5,10),h+(1,-1) c1
795	42111c97-8bed-45b1-ad6c-9d1eeb53029f runid=ed1de13037eb1bcfeefc20d46af38743bdac68e6 read=16799 ch=115 start_time=2020-02-10T17:50:13Z flow_cell_id=ACE547 protocol_group_id=barcode_test sample_id=barcodes_fish h-(3),h+(4) c1
795	bf54c37d-2fd5-44e5-8b23-449acef57c13 runid=ed1de13037eb1bcfeefc20d46af38743bdac68e6 read=12716 ch=32 start_time=2020-02-10T17:17:24Z flow_cell_id=ACE547 protocol_group_id=barcode_test sample_id=barcodes_fish H-(5,9),H+(0,10) c1
795	a620156b-878b-4546-8f00-ec81b6bdb504 runid=ed1de13037eb1bcfeefc20d46af38743bdac68e6 read=18214 ch=40 start_time=2020-02-10T18:03:36Z flow_cell_id=ACE547 protocol_group_id=barcode_test sample_id=barcodes_fish H-(0,10),H+(5,11) c1
795	ae068999-81dc-4b33-bcf3-7aee6898cdf0 runid=ed1de13037eb1bcfeefc20d46af38743bdac68e6 read=12343 ch=65 start_time=2020-02-10T17:14:51Z flow_cell_id=ACE547 protocol_group_id=barcode_test sample_id=barcodes_fish h-(5),h+(3) c1
795	cc4a516a-a90d-4cff-8b4f-6d6be827355a runid=ed1de13037eb1bcfeefc20d46af38743bdac68e6 read=1594 ch=30 start_time=2020-02-10T15:44:23Z flow_cell_id=ACE547 protocol_group_id=barcode_test sample_id=barcodes_fish H-(6,9),H+(1,11) c1
795	482c359f-91f0-4c06-a97f-98b539690e9e runid=ed1de13037eb1bcfeefc20d46af38743bdac68e6 read=1678 ch=64 start_time=2020-02-10T15:45:32Z flow_cell_id=ACE547 protocol_group_id=barcode_test sample_id=barcodes_fish H-(6,11),H+(1,7) c1
795	9fe023fd-958e-42f7-810f-3f745a9dcf3f runid=ed1de13037eb1bcfeefc20d46af38743bdac68e6 read=14396 ch=43 start_time=2020-02-10T17:39:33Z flow_cell_id=ACE547 protocol_group_id=barcode_test sample_id=barcodes_fish H-(3,10),h+(3,-1) c1
795	869b3f89-6d92-4362-8f8f-a49963631a94 runid=ed1de13037eb1bcfeefc20d46af38743bdac68e6 read=10857 ch=99 start_time=2020-02-10T17:35:22Z flow_cell_id=ACE547 protocol_group_id=barcode_test sample_id=barcodes_fish h-(2),h+(5) c1
795	2b2cc8f3-5594-4d95-a58b-bdb63fa95c5a runid=ed1de13037eb1bcfeefc20d46af38743bdac68e6 read=19087 ch=93 start_time=2020-02-10T18:16:25Z flow_cell_id=ACE547 protocol_group_id=barcode_test sample_id=barcodes_fish H-(2,10),H+(5,9) c1
795	1cfb215a-8848-49de-9a7b-1cb65b699e9a runid=ed1de13037eb1bcfeefc20d46af38743bdac68e6 read=18913 ch=89 start_time=2020-02-10T18:15:46Z flow_cell_id=ACE547 protocol_group_id=barcode_test sample_id=barcodes_fish H-(0,7),h+(6,-1) c1
795	1495928e-2c5e-4f07-bd85-fcacda3e9312 runid=ed1de13037eb1bcfeefc20d46af38743bdac68e6 read=16626 ch=34 start_time=2020-02-10T17:53:48Z flow_cell_id=ACE547 protocol_group_id=barcode_test sample_id=barcodes_fish h-(6),h+(3) c1
795	42d214f1-6d64-40b5-9950-6c3197cf5d2d runid=ed1de13037eb1bcfeefc20d46af38743bdac68e6 read=16245 ch=26 start_time=2020-02-10T17:46:06Z flow_cell_id=ACE547 protocol_group_id=barcode_test sample_id=barcodes_fish H-(1,11),H+(0,9) c1
795	4565aebf-5ca5-4ee0-b534-3424a90d11f4 runid=ed1de13037eb1bcfeefc20d46af38743bdac68e6 read=14303 ch=38 start_time=2020-02-10T17:23:47Z flow_cell_id=ACE547 protocol_group_id=barcode_test sample_id=barcodes_fish h-(1),h+(5) c1
795	644f1cdb-752a-42b7-8439-93d62bb6a800 runid=ed1de13037eb1bcfeefc20d46af38743bdac68e6 read=14949 ch=91 start_time=2020-02-10T17:54:25Z flow_cell_id=ACE547 protocol_group_id=barcode_test sample_id=barcodes_fish H-(2,8),h+(2,-1) c1
795	ae65973f-0967-48d3-a7dd-ab20cd96c691 runid=ed1de13037eb1bcfeefc20d46af38743bdac68e6 read=12551 ch=91 start_time=2020-02-10T17:34:15Z flow_cell_id=ACE547 protocol_group_id=barcode_test sample_id=barcodes_fish H-(4,11),H+(4,9) c1
795	298175a4-0e57-4141-a1e4-ccc20c27a9df runid=ed1de13037eb1bcfeefc20d46af38743bdac68e6 read=15428 ch=115 start_time=2020-02-10T17:38:38Z flow_cell_id=ACE547 protocol_group_id=barcode_test sample_id=barcodes_fish h-(1),h+(6) c1
795	3180f704-2d25-4dbd-8510-d91c00da2ceb runid=ed1de13037eb1bcfeefc20d46af38743bdac68e6 read=18555 ch=124 start_time=2020-02-10T18:15:53Z flow_cell_id=ACE547 protocol_group_id=barcode_test sample_id=barcodes_fish h-(4),h+(4) c1
795	15dd46d1-ce2d-49fc-b9d6-d3cc56b1af7b runid=ed1de13037eb1bcfeefc20d46af38743bdac68e6 read=16764 ch=56 start_time=2020-02-10T17:55:00Z flow_cell_id=ACE547 protocol_group_id=barcode_test sample_id=barcodes_fish h-(4),h+(3) c1
795	bd5f0df3-3dd1-4ae8-97db-5b0f4f8c3e08 runid=ed1de13037eb1bcfeefc20d46af38743bdac68e6 read=17439 ch=14 start_time=2020-02-10T17:57:17Z flow_cell_id=ACE547 protocol_group_id=barcode_test sample_id=barcodes_fish h-(1),h+(1) c1
795	f90e87f2-0775-4d82-a8f5-770ef90425d1 runid=ed1de13037eb1bcfeefc20d46af38743bdac68e6 read=1786 ch=20 start_time=2020-02-10T17:45:30Z flow_cell_id=ACE547 protocol_group_id=barcode_test sample_id=barcodes_fish H-(3,10),h+(3,-1) c1
795	13935382-86e7-43e6-b69d-189433af2b61 runid=ed1de13037eb1bcfeefc20d46af38743bdac68e6 read=11096 ch=4 start_time=2020-02-10T17:16:14Z flow_cell_id=ACE547 protocol_group_id=barcode_test sample_id=barcodes_fish h-(5),h+(1) c1
795	23358cb2-c96d-4012-86cc-a975657a529d runid=ed1de13037eb1bcfeefc20d46af38743bdac68e6 read=16676 ch=115 start_time=2020-02-10T17:49:11Z flow_cell_id=ACE547 protocol_group_id=barcode_test sample_id=barcodes_fish H-(1,9),h+(2,-1) c1
795	8c13b481-8a0f-40e4-9b2f-39beb08eb0e0 runid=ed1de13037eb1bcfeefc20d46af38743bdac68e6 read=1323 ch=43 start_time=2020-02-10T15:43:31Z flow_cell_id=ACE547 protocol_group_id=barcode_test sample_id=barcodes_fish h-(5),h+(4) c1
795	67f202a7-e4e6-4bad-8910-6f9506e014ed runid=ed1de13037eb1bcfeefc20d46af38743bdac68e6 read=14274 ch=66 start_time=2020-02-10T17:26:11Z flow_cell_id=ACE547 protocol_group_id=barcode_test sample_id=barcodes_fish h-(4),h+(3) c1
795	a244cba5-2be9-493e-84e2-ad2372e1560e runid=ed1de13037eb1bcfeefc20d46af38743bdac68e6 read=17478 ch=51 start_time=2020-02-10T17:51:01Z flow_cell_id=ACE547 protocol_group_id=barcode_test sample_id=barcodes_fish h-(4),h+(6) c1
795	dcc09ea4-94ca-4f6e-8dfa-e6d96910c91b runid=ed1de13037eb1bcfeefc20d46af38743bdac68e6 read=19044 ch=14 start_time=2020-02-10T18:10:54Z flow_cell_id=ACE547 protocol_group_id=barcode_test sample_id=barcodes_fish H-(1,10),h+(2,-1) c1
795	858a3471-461b-4456-b87d-561bc0993e64 runid=ed1de13037eb1bcfeefc20d46af38743bdac68e6 read=15636 ch=115 start_time=2020-02-10T17:40:27Z flow_cell_id=ACE547 protocol_group_id=barcode_test sample_id=barcodes_fish h-(1),h+(3) c1
795	c7049ff2-9650-4b7b-aaf5-1dd134419fa6 runid=ed1de13037eb1bcfeefc20d46af38743bdac68e6 read=1129 ch=116 start_time=2020-02-10T15:43:34Z flow_cell_id=ACE547 protocol_group_id=barcode_test sample_id=barcodes_fish H-(5,11),H+(1,7) c1
40	cbb60c9d-8a1f-4032-a9b0-c53ff7da0a1b runid=ed1de13037eb1bcfeefc20d46af38743bdac68e6 read=2384 ch=35 start_time=2020-02-10T17:22:21Z flow_cell_id=ACE547 protocol_group_id=barcode_test sample_id=barcodes_fish H-(1,11),H+(2,8) c1
40	3c37a122-bf0c-403e-93f8-466f3a64d51b runid=ed1de13037eb1bcfeefc20d46af38743bdac68e6 read=10707 ch=58 start_time=2020-02-10T17:16:14Z flow_cell_id=ACE547 protocol_group_id=barcode_test sample_id=barcodes_fish H-(1,10),H+(1,11) c1
40	25f0e559-4778-426e-b637-369a75dd301a runid=ed1de13037eb1bcfeefc20d46af38743bdac68e6 read=18250 ch=17 start_time=2020-02-10T18:12:03Z flow_cell_id=ACE547 protocol_group_id=barcode_test sample_id=barcodes_fish H-(3,6),H+(3,10) c1
40	53f12240-7dcb-49d5-8726-6afd8027ca12 runid=ed1de13037eb1bcfeefc20d46af38743bdac68e6 read=13107 ch=7 start_time=2020-02-10T17:27:11Z flow_cell_id=ACE547 protocol_group_id=barcode_test sample_id=barcodes_fish H-(2,9),H+(5,10) c1
40	6fdb5683-09b0-4c68-88a8-2e9735bd9ecf runid=ed1de13037eb1bcfeefc20d46af38743bdac68e6 read=2179 ch=95 start_time=2020-02-10T15:49:31Z flow_cell_id=ACE547 protocol_group_id=barcode_test sample_id=barcodes_fish h-(2),h+(1) c1
40	b0a7c177-c712-4104-84a4-2cdefa72dbee runid=ed1de13037eb1bcfeefc20d46af38743bdac68e6 read=1403 ch=68 start_time=2020-02-10T15:44:09Z flow_cell_id=ACE547 protocol_group_id=barcode_test sample_id=barcodes_fish H-(2,7),H+(3,11) c1
40	5458ebbd-58b4-41f7-a4c7-9cacd944794f runid=ed1de13037eb1bcfeefc20d46af38743bdac68e6 read=1998 ch=122 start_time=2020-02-10T17:19:03Z flow_cell_id=ACE547 protocol_group_id=barcode_test sample_id=barcodes_fish H-(5,10),H+(0,7) c1
40	e1089c95-6333-457f-bbdf-2097b2077038 runid=ed1de13037eb1bcfeefc20d46af38743bdac68e6 read=69 ch=7 start_time=2020-02-10T15:33:25Z flow_cell_id=ACE547 protocol_group_id=barcode_test sample_id=barcodes_fish h-(3),h+(0) c1
40	1a1fb74d-0037-46e4-87a9-d5a845dd0462 runid=ed1de13037eb1bcfeefc20d46af38743bdac68e6 read=2006 ch=85 start_time=2020-02-10T15:49:38Z flow_cell_id=ACE547 protocol_group_id=barcode_test sample_id=barcodes_fish H-(1,11),H+(5,7) c1
40	1a81f64f-9737-4e22-9e1d-75f5e7e71b13 runid=ed1de13037eb1bcfeefc20d46af38743bdac68e6 read=13770 ch=68 start_time=2020-02-10T17:28:02Z flow_cell_id=ACE547 protocol_group_id=barcode_test sample_id=barcodes_fish H-(1,8),h+(0,-1) c1
40	07d356e6-67e4-4bea-ad01-2c1940dc922f runid=ed1de13037eb1bcfeefc20d46af38743bdac68e6 read=114 ch=121 start_time=2020-02-10T15:33:44Z flow_cell_id=ACE547 protocol_group_id=barcode_test sample_id=barcodes_fish h-(4),h+(2) c1
40	95864987-5253-4644-bda4-f04b6b8f157a runid=ed1de13037eb1bcfeefc20d46af38743bdac68e6 read=19093 ch=30 start_time=2020-02-10T18:07:58Z flow_cell_id=ACE547 protocol_group_id=barcode_test sample_id=barcodes_fish h-(5),h+(2) c1
40	e94e314b-6780-46e7-860f-9a9bf6ead108 runid=ed1de13037eb1bcfeefc20d46af38743bdac68e6 read=18444 ch=94 start_time=2020-02-10T18:03:41Z flow_cell_id=ACE547 protocol_group_id=barcode_test sample_id=barcodes_fish H-(5,11),h+(0,-1) c1
40	2cba4587-ac29-46fa-aa30-4acf5eb94ff9 runid=ed1de13037eb1bcfeefc20d46af38743bdac68e6 read=16037 ch=58 start_time=2020-02-10T18:06:27Z flow_cell_id=ACE547 protocol_group_id=barcode_test sample_id=barcodes_fish H-(1,10),H+(0,10) c1
40	fccb177f-5111-4b73-bc80-d124a0443728 runid=ed1de13037eb1bcfeefc20d46af38743bdac68e6 read=13769 ch=60 start_time=2020-02-10T17:27:36Z flow_cell_id=ACE547 protocol_group_id=barcode_test sample_id=barcodes_fish H-(4,10),H+(5,11) c1
40	d937699b-b55d-4a1e-83f9-7d07e491dca7 runid=ed1de13037eb1bcfeefc20d46af38743bdac68e6 read=15669 ch=53 start_time=2020-02-10T17:45:06Z flow_cell_id=ACE547 protocol_group_id=barcode_test sample_id=barcodes_fish H-(2,9),H+(1,9) c1
40	2dab7f39-a16d-46ed-8240-1b0418220c5e runid=ed1de13037eb1bcfeefc20d46af38743bdac68e6 read=1537 ch=41 start_time=2020-02-10T15:45:42Z flow_cell_id=ACE547 protocol_group_id=barcode_test sample_id=barcodes_fish h-(1),h+(0) c1
40	acfd71c8-eea4-4f0b-80aa-a6679a338341 runid=ed1de13037eb1bcfeefc20d46af38743bdac68e6 read=15296 ch=40 start_time=2020-02-10T17:39:05Z flow_cell_id=ACE547 protocol_group_id=barcode_test sample_id=barcodes_fish H-(3,9),H+(2,11) c1
40	247d8f7b-4e54-41c8-90ee-09b5a6fc1ffb runid=ed1de13037eb1bcfeefc20d46af38743bdac68e6 read=16761 ch=48 start_time=2020-02-10T17:52:35Z flow_cell_id=ACE547 protocol_group_id=barcode_test sample_id=barcodes_fish H-(2,9),H+(0,10) c1
40	a4c23614-5e1a-4be8-a79f-8e35ae24bac7 runid=ed1de13037eb1bcfeefc20d46af38743bdac68e6 read=15719 ch=34 start_time=2020-02-10T17:45:58Z flow_cell_id=ACE547 protocol_group_id=barcode_test sample_id=barcodes_fish H-(1,9),H+(2,10) c1
40	0e587bed-6b75-430d-9738-5dbc33e8919b runid=ed1de13037eb1bcfeefc20d46af38743bdac68e6 read=1911 ch=108 start_time=2020-02-10T15:46:55Z flow_cell_id=ACE547 protocol_group_id=barcode_test sample_id=barcodes_fish H-(6,7),H+(1,8) c1
40	5f5033c4-1f67-4e99-b598-1aa77741a857 runid=ed1de13037eb1bcfeefc20d46af38743bdac68e6 read=18130 ch=34 start_time=2020-02-10T18:06:01Z flow_cell_id=ACE547 protocol_group_id=barcode_test sample_id=barcodes_fish H-(4,8),H+(5,10) c1
40	c0aa8418-26fd-4080-8267-c7d62e5ade24 runid=ed1de13037eb1bcfeefc20d46af38743bdac68e6 read=15537 ch=108 start_time=2020-02-10T17:46:08Z flow_cell_id=ACE547 protocol_group_id=barcode_test sample_id=barcodes_fish H-(2,7),h+(4,-1) c1
40	9827a616-7238-4965-90b0-234a817c82dc runid=ed1de13037eb1bcfeefc20d46af38743bdac68e6 read=16306 ch=110 start_time=2020-02-10T17:53:37Z flow_cell_id=ACE547 protocol_group_id=barcode_test sample_id=barcodes_fish H-(2,8),H+(3,10) c1
40	9a613322-da81-40bc-b6cb-9f5e3058b798 runid=ed1de13037eb1bcfeefc20d46af38743bdac68e6 read=18343 ch=96 start_time=2020-02-10T17:43:40Z flow_cell_id=ACE547 protocol_group_id=barcode_test sample_id=barcodes_fish H-(3,8),H+(6,10) c1
40	b6c9ba1d-8731-46ce-96eb-827ed096a09a runid=ed1de13037eb1bcfeefc20d46af38743bdac68e6 read=16607 ch=56 start_time=2020-02-10T17:53:43Z flow_cell_id=ACE547 protocol_group_id=barcode_test sample_id=barcodes_fish h-(2),h+(1) c1
40	129b9952-bdd8-4efc-9712-a2ec4c2345bd runid=ed1de13037eb1bcfeefc20d46af38743bdac68e6 read=1485 ch=68 start_time=2020-02-10T15:44:52Z flow_cell_id=ACE547 protocol_group_id=barcode_test sample_id=barcodes_fish H-(3,9),h+(4,-1) c1
40	1cdea684-9084-44de-b1c6-963742158ef3 runid=ed1de13037eb1bcfeefc20d46af38743bdac68e6 read=1869 ch=8 start_time=2020-02-10T15:46:22Z flow_cell_id=ACE547 protocol_group_id=barcode_test sample_id=barcodes_fish H-(0,8),H+(0,9) c1
40	3a1fe607-ca3e-44c8-8e1c-87c785c0422c runid=ed1de13037eb1bcfeefc20d46af38743bdac68e6 read=13977 ch=60 start_time=2020-02-10T17:29:21Z flow_cell_id=ACE547 protocol_group_id=barcode_test sample_id=barcodes_fish H-(0,7),H+(1,7) c1
40	7132f304-d97e-47e4-b882-05b7924c1e7b runid=ed1de13037eb1bcfeefc20d46af38743bdac68e6 read=2119 ch=125 start_time=2020-02-10T15:49:23Z flow_cell_id=ACE547 protocol_group_id=barcode_test sample_id=barcodes_fish H-(0,8),H+(0,8) c1
40	52bf059b-4496-4ebe-825e-120c5a78bc39 runid=ed1de13037eb1bcfeefc20d46af38743bdac68e6 read=1745 ch=32 start_time=2020-02-10T15:46:58Z flow_cell_id=ACE547 protocol_group_id=barcode_test sample_id=barcodes_fish H-(3,7),H+(0,9) c1
40	eae0ba0b-3614-4796-98a4-7829d2354455 runid=ed1de13037eb1bcfeefc20d46af38743bdac68e6 read=11372 ch=83 start_time=2020-02-10T17:16:44Z flow_cell_id=ACE547 protocol_group_id=barcode_test sample_id=barcodes_fish H-(3,9),H+(4,9) c1
40	e1e3f971-37fe-43a0-b3e8-016755c682a0 runid=ed1de13037eb1bcfeefc20d46af38743bdac68e6 read=18345 ch=69 start_time=2020-02-10T18:10:03Z flow_cell_id=ACE547 protocol_group_id=barcode_test sample_id=barcodes_fish H-(4,11),H+(3,9) c1
40	63aadcba-343f-40a9-b3ad-8240cb68a3a1 runid=ed1de13037eb1bcfeefc20d46af38743bdac68e6 read=17250 ch=38 start_time=2020-02-10T17:48:40Z flow_cell_id=ACE547 protocol_group_id=barcode_test sample_id=barcodes_fish H-(6,8),H+(0,11) c1
40	eff2381a-9975-44b0-8113-fb161dd138f8 runid=ed1de13037eb1bcfeefc20d46af38743bdac68e6 read=11750 ch=83 start_time=2020-02-10T17:20:01Z flow_cell_id=ACE547 protocol_group_id=barcode_test sample_id=barcodes_fish h-(3),h+(3) c1
40	1033e111-0d13-4664-9363-f71f01377e5a runid=ed1de13037eb1bcfeefc20d46af38743bdac68e6 read=16795 ch=83 start_time=2020-02-10T18:06:58Z flow_cell_id=ACE547 protocol_group_id=barcode_test sample_id=barcodes_fish H-(4,8),h+(2,-1) c1
40	101537dc-f4ee-44f9-94c0-c7d9818caffe runid=ed1de13037eb1bcfeefc20d46af38743bdac68e6 read=12276 ch=58 start_time=2020-02-10T17:30:39Z flow_cell_id=ACE547 protocol_group_id=barcode_test sample_id=barcodes_fish H-(2,9),H+(0,10) c1
40	1496ea3a-c5ea-41c3-9628-9759c09aec23 runid=ed1de13037eb1bcfeefc20d46af38743bdac68e6 read=16277 ch=41 start_time=2020-02-10T17:56:16Z flow_cell_id=ACE547 protocol_group_id=barcode_test sample_id=barcodes_fish H-(2,8),H+(6,11) c1
40	a3c1d20a-aa4f-4543-850f-e9429badd9a3 runid=ed1de13037eb1bcfeefc20d46af38743bdac68e6 read=15572 ch=95 start_time=2020-02-10T17:42:29Z flow_cell_id=ACE547 protocol_group_id=barcode_test sample_id=barcodes_fish H-(1,8),H+(0,10) c1
40	b085ae61-5863-4801-a685-8d87ae09f233 runid=ed1de13037eb1bcfeefc20d46af38743bdac68e6 read=13041 ch=34 start_time=2020-02-10T17:23:42Z flow_cell_id=ACE547 protocol_group_id=barcode_test sample_id=barcodes_fish h-(1),h+(1) c1
801	c342a4e4-6d85-4165-bad7-5444475459ac runid=ed1de13037eb1bcfeefc20d46af38743bdac68e6 read=16653 ch=106 start_time=2020-02-10T17:52:51Z flow_cell_id=ACE547 protocol_group_id=barcode_test sample_id=barcodes_fish H+(5,11),H-(4,10) c1
801	1cb407af-f803-4e25-a7ab-b7a92bf56104 runid=ed1de13037eb1bcfeefc20d46af38743bdac68e6 read=12582 ch=26 start_time=2020-02-10T17:18:10Z flow_cell_id=ACE547 protocol_group_id=barcode_test sample_id=barcodes_fish H+(4,9),H-(6,11) c1
801	2bcfe1eb-d4d5-4931-afa1-b2228feb997e runid=ed1de13037eb1bcfeefc20d46af38743bdac68e6 read=1600 ch=30 start_time=2020-02-10T15:44:28Z flow_cell_id=ACE547 protocol_group_id=barcode_test sample_id=barcodes_fish H+(4,6),h-(3,-1) c1
801	2635b3ee-2bf6-47b3-80ee-c87bf5780480 runid=ed1de13037eb1bcfeefc20d46af38743bdac68e6 read=10903 ch=9 start_time=2020-02-10T17:44:10Z flow_cell_id=ACE547 protocol_group_id=barcode_test sample_id=barcodes_fish H+(6,9),h-(4,-1) c1
801	69dfe2d5-a48e-43bc-9a0e-4c561f83ac39 runid=ed1de13037eb1bcfeefc20d46af38743bdac68e6 read=16859 ch=54 start_time=2020-02-10T17:50:42Z flow_cell_id=ACE547 protocol_group_id=barcode_test sample_id=barcodes_fish H+(0,9),h-(2,-1) c1
801	02a7cddb-a1b0-476e-869e-e5d0381e58ab runid=ed1de13037eb1bcfeefc20d46af38743bdac68e6 read=19452 ch=8 start_time=2020-02-10T18:14:38Z flow_cell_id=ACE547 protocol_group_id=barcode_test sample_id=barcodes_fish H+(6,11),h-(1,-1) c1
801	d13d3d4a-1d68-4384-8b7c-2fbe105ff165 runid=ed1de13037eb1bcfeefc20d46af38743bdac68e6 read=15900 ch=5 start_time=2020-02-10T17:42:53Z flow_cell_id=ACE547 protocol_group_id=barcode_test sample_id=barcodes_fish H+(4,8),H-(1,11) c1
801	68e72a74-f0c6-4efd-8c63-6faaa27634ee runid=ed1de13037eb1bcfeefc20d46af38743bdac68e6 read=13270 ch=48 start_time=2020-02-10T17:23:39Z flow_cell_id=ACE547 protocol_group_id=barcode_test sample_id=barcodes_fish H+(4,9),h-(0,-1) c1
801	8e866517-f21e-456b-8bb9-df4c553186fe runid=ed1de13037eb1bcfeefc20d46af38743bdac68e6 read=16313 ch=34 start_time=2020-02-10T17:51:08Z flow_cell_id=ACE547 protocol_group_id=barcode_test sample_id=barcodes_fish H+(2,10),H-(5,10) c1
801	55db8840-e8d3-493d-95a3-712184181e33 runid=ed1de13037eb1bcfeefc20d46af38743bdac68e6 read=12924 ch=64 start_time=2020-02-10T18:04:24Z flow_cell_id=ACE547 protocol_group_id=barcode_test sample_id=barcodes_fish H+(0,9),h-(1,-1) c1
801	1f832d2a-2fd6-4057-b173-8cd511ea726a runid=ed1de13037eb1bcfeefc20d46af38743bdac68e6 read=17988 ch=10 start_time=2020-02-10T17:55:48Z flow_cell_id=ACE547 protocol_group_id=barcode_test sample_id=barcodes_fish H+(4,11),H-(2,9) c1
